outcome,model,covariates,n_covariates,group_mean_partial_rho,group_median,spin_p,frac_predicted_sign,n_subj,null_mean
int_area,M0,none,0,-0.45921864869617685,-0.471195242338087,0.003996003996003996,1.0,89,0.002060259210814173
int_area,M1,exponent_fixed,1,-0.4361408788620401,-0.4452186236133709,0.00999000999000999,1.0,89,0.0009425140670313011
int_area,M2,osc_delta+osc_theta+osc_alpha+osc_beta+osc_gamma1,5,-0.34788931157579184,-0.34416269413351774,0.001998001998001998,1.0,89,0.002056127584333828
int_area,M3,exponent_fixed+osc_delta+osc_theta+osc_alpha+osc_beta+osc_gamma1,6,-0.28435028495932196,-0.2782751358920667,0.008991008991008992,0.9887640449438202,89,-0.00048453748301458964
centroid,M0,none,0,0.40879117807699367,0.42349682547759016,0.003996003996003996,0.9887640449438202,89,-0.0030584317116625296
centroid,M3,exponent_fixed+osc_delta+osc_theta+osc_alpha+osc_beta+osc_gamma1,6,0.2816907315993246,0.3020124099934507,0.00999000999000999,0.9887640449438202,89,0.0010531359751600694
sf_ratio,M0,none,0,-0.35637571154448666,-0.35939717330998044,0.008991008991008992,0.9775280898876404,89,0.0038385356536642084
sf_ratio,M3,exponent_fixed+osc_delta+osc_theta+osc_alpha+osc_beta+osc_gamma1,6,-0.2550522268688531,-0.2728877355671522,0.01998001998001998,0.9775280898876404,89,0.0008591491200941377
exponent_fixed,M0,none,0,-0.11923423194569366,-0.12922914482480072,0.4985014985014985,0.797752808988764,89,-0.00018891792357369575
exponent_fixed,R1,int_area,1,-0.04657912332580289,-0.05960347226902108,0.8171828171828172,0.6629213483146067,89,0.008861561208446361
exponent_fixed,R2,int_area+osc_delta+osc_theta+osc_alpha+osc_beta+osc_gamma1,6,-0.08150269373785364,-0.08120603509922945,0.5014985014985015,0.8089887640449438,89,0.010122993977018605
