anatomical_parcel,parcel_n_vertices,Allo_pct,Agr_pct,Dys_pct,EulI_pct,EulII_pct,EulIII_pct,Kon_pct,Allo_n,Agr_n,Dys_n,EulI_n,EulII_n,EulIII_n,Kon_n
HA,712,100.0,0.0,0.0,0.0,0.0,0.0,0.0,712,0,0,0,0,0,0
HB,639,100.0,0.0,0.0,0.0,0.0,0.0,0.0,639,0,0,0,0,0,0
HC,2508,42.1,40.0,9.0,9.0,0.0,0.0,0.0,1055,1003,225,225,0,0,0
LA2,2182,0.0,66.5,33.5,0.0,0.0,0.0,0.0,0,1451,731,0,0,0,0
FLMN,1101,0.0,55.8,44.2,0.0,0.0,0.0,0.0,0,614,487,0,0,0,0
TG,5939,10.9,37.1,49.7,2.2,0.0,0.0,0.0,650,2203,2954,132,0,0,0
LD,640,3.3,31.7,65.0,0.0,0.0,0.0,0.0,21,203,416,0,0,0,0
LE,1093,8.6,16.7,74.7,0.0,0.0,0.0,0.0,94,182,817,0,0,0,0
LA1,5332,0.0,30.8,67.6,1.6,0.0,0.0,0.0,0,1643,3604,85,0,0,0
FJK,1453,0.0,26.5,57.9,9.8,5.8,0.0,0.0,0,385,841,142,85,0,0
LC3,247,0.0,0.0,100.0,0.0,0.0,0.0,0.0,0,0,247,0,0,0,0
FH,1259,0.0,8.0,81.3,10.6,0.0,0.0,0.0,0,101,1024,134,0,0,0
LC2,1400,0.0,0.0,90.6,7.6,1.8,0.0,0.0,0,0,1269,106,25,0,0
IA,3438,0.0,3.1,62.9,34.0,0.0,0.0,0.0,0,108,2162,1168,0,0,0
TF,6129,4.5,18.4,9.6,62.8,4.8,0.0,0.0,273,1125,588,3849,294,0,0
LC1,3998,0.0,0.0,42.7,52.4,5.0,0.0,0.0,0,0,1706,2093,199,0,0
FF,9262,0.3,11.9,22.8,33.9,26.1,5.0,0.0,32,1103,2111,3144,2413,459,0
FG,1184,0.0,0.0,10.7,87.1,2.2,0.0,0.0,0,0,127,1031,26,0,0
FC,12276,0.0,0.0,2.9,92.2,4.8,0.0,0.0,0,0,361,11323,592,0,0
PG,10887,0.0,0.0,0.0,70.4,29.3,0.3,0.0,0,0,0,7668,3187,32,0
FE,5152,0.0,1.2,8.4,23.7,66.6,0.0,0.0,0,64,435,1223,3430,0,0
FD,13404,0.0,0.0,6.8,14.1,79.0,0.2,0.0,0,0,906,1886,10589,23,0
FCBm,5724,0.0,0.0,0.0,21.9,76.9,1.3,0.0,0,0,0,1252,4400,72,0
FB,25939,0.0,0.0,1.9,16.7,73.1,8.4,0.0,0,0,491,4322,18956,2170,0
PH,9878,0.0,0.0,0.0,19.2,62.6,18.2,0.0,0,0,0,1892,6186,1800,0
FDdelta,2222,0.0,0.0,0.0,0.0,100.0,0.0,0.0,0,0,0,0,2222,0,0
PE,17574,0.0,0.0,0.0,2.0,79.5,18.5,0.0,0,0,0,350,13977,3247,0
IB,4730,1.9,8.8,17.4,18.5,14.9,34.9,3.6,88,418,824,875,704,1652,169
TE,26857,0.0,0.9,3.7,37.3,14.7,43.4,0.0,0,250,993,10016,3944,11654,0
TB,1347,0.0,0.0,4.8,20.1,22.7,46.3,6.2,0,0,64,271,306,623,83
TA,4916,0.0,3.8,8.6,9.5,8.7,64.1,5.2,0,187,423,469,430,3150,257
FDT,3579,0.0,0.0,0.6,11.1,25.2,63.1,0.0,0,0,21,399,901,2258,0
PD,20866,0.0,0.0,0.0,0.2,41.9,57.9,0.0,0,0,0,52,8740,12074,0
PF,15125,0.0,0.0,0.0,11.6,19.9,67.8,0.7,0,0,0,1753,3007,10252,113
FA,16187,0.0,0.0,2.3,1.1,20.7,66.8,9.0,0,0,378,181,3352,10815,1461
OA,15628,0.0,0.3,0.8,1.6,13.7,83.5,0.0,0,52,126,247,2147,13056,0
OB,5545,0.0,0.0,2.2,1.1,5.9,79.2,11.7,0,0,120,59,329,4389,648
PC,7417,0.0,0.0,0.0,0.0,0.0,75.9,24.1,0,0,0,0,0,5627,1790
OC,7446,0.0,0.0,4.8,4.4,7.5,15.9,67.4,0,0,354,328,557,1186,5021
PA,7426,0.0,0.0,2.8,4.7,3.9,26.5,62.1,0,0,206,351,290,1968,4611
PB,4627,0.0,0.0,0.0,1.8,3.5,27.9,66.8,0,0,0,83,164,1291,3089
TC,1466,0.0,0.0,0.0,0.0,0.0,38.4,61.6,0,0,0,0,0,563,903
TD,855,0.0,0.0,0.0,0.0,0.0,0.0,100.0,0,0,0,0,0,0,855
