old_name,new_name,sha_before,sha_after,content_changed
pial.lh.cyto7.confidence.shape.gii,pial.lh.cyto7.support.shape.gii,0665dc5d63a36cf94c9ffca70a079656d4f781b852d86aea0782be0ec4ce8eda,84be914a79c6b03a0155877abed4479b95c9851417f6313b94cb9ff1af4c30d3,True
pial.lh.cyto7.confidence_atlas.shape.gii,pial.lh.cyto7.support_atlas.shape.gii,4d23ac63bdfd31d5d8388b2f5e406ca1055cecbe2342e0ec3c6049aff7c65ba5,8c4853e35d7b95574ae8f9ba6c3a3c51eff876d2297cfc27977c9109698cb8f4,True
pial.lh.cyto7.confidence_geom.shape.gii,pial.lh.cyto7.support_geom.shape.gii,296cf20c8da80fd943eeb757adf4779a185e8d9e78cc3271c4b2973295501e42,e5c03f6ca2a075da93869436a2a23d52d859cfb05ef587a44c69690ba5e0acd8,True
pial.lh.cyto7.confidence_prior.shape.gii,pial.lh.cyto7.support_prior.shape.gii,ca8ec158ec0dfa3aae6817ac8b5d6e6317e9485f89b17b06381780444b0d198e,8c0318da34018904c5bdc063ac73600a547fafd964e40ed9e65d00993b1591c3,True
pial.lh.cyto7.confidence_topo.shape.gii,pial.lh.cyto7.support_topo.shape.gii,4dbf7137b366fc7da68d88f612fb9d077c3f9dd34430e5538d5a418ae3e52d04,6aecac67aa2a2b65c1ace2df963a6ad82700137880998459755e191040da046d,True
pial.lh.cyto7.confidence_data_overlay.shape.gii,pial.lh.cyto7.support_data_overlay.shape.gii,e8e21487ce42d65218507f6563133108277b0aacf106bc944810e1057d9f22a9,9c928d5ea4edbea3164907f445cb6627684bf0000791a6ae2010080df62e341e,True
pial.lh.cyto7.confidence_categorical.annot,pial.lh.cyto7.support_categorical.annot,191d193d94336210ad5360bb3edb99bf6411cd03d6990bd105295b215a297b76,0e63dc9155845330956856a552337b469be315b11b86f97e90517a6e7ef5aa9d,True
pial.rh.cyto7.confidence.shape.gii,pial.rh.cyto7.support.shape.gii,b8f01c2b30e61b80002ab4bbbf668778116d5148175bb9a70c7c0667ff1c0bfb,17e66a19d422016a8073523c7c057dbbc85a0de8bb570a4fe62346bf01766577,True
pial.rh.cyto7.confidence_atlas.shape.gii,pial.rh.cyto7.support_atlas.shape.gii,65baa55e766abc7505100081ac158f7ace136fac39f9c5b3cb34ab5006c5ff93,e7f495a308d6dc42aa0af761fce39f2074510a62a495cf8af3314b0067a53a58,True
pial.rh.cyto7.confidence_geom.shape.gii,pial.rh.cyto7.support_geom.shape.gii,323e7a5e27031a4d3083c62665c3fbb56f3d2b4ea8fd52101cbeb221d1c56886,0f475938696bdb0c973eb907b59e0a74e72a4ab5d5552f587b14aa59fb7e6cc1,True
pial.rh.cyto7.confidence_prior.shape.gii,pial.rh.cyto7.support_prior.shape.gii,20b4b0d984c8c8c46672337023f7220005dda06c1344fda263884c6673fd6e94,b7f4d592d1826cbb6d9a51591a2c841ee282931de5357672654cb039b62dd0ef,True
pial.rh.cyto7.confidence_topo.shape.gii,pial.rh.cyto7.support_topo.shape.gii,b802680cd54f84a0c2b7cb63111517f917b4fe2b9998a4ae2cf062c93f1f6bc4,49592822af6a4b9af1a4791cc3380f962945fe776ce3db893c7953a982c17599,True
pial.rh.cyto7.confidence_data_overlay.shape.gii,pial.rh.cyto7.support_data_overlay.shape.gii,fd61b2efe9efcf192d9ee48b49eea524ac07071f5f07b96423f584f8e156f429,edbed77bb834e64e05bbcffa2806f71205e744e532a5d07dfb62f543bfddbc49,True
pial.rh.cyto7.confidence_categorical.annot,pial.rh.cyto7.support_categorical.annot,4f913147820f19f00b3cca0f56c01c903f12cc2b800bf904c2eb0a8211a139a4,0fdc3ab7895a85c198210efcc0f52575d334efe3217734074ac6a94d3be2b893,True
