kind,old,new,n_subs
dir,figures/v9/confidence,figures/v9/support,
figure_file,figures/v9/confidence_calibration.csv,figures/v9/support_calibration.csv,
figure_file,figures/v9/confidence_calibration.png,figures/v9/support_calibration.png,
figure_file,figures/v9/confidence_histology_patch.csv,figures/v9/support_histology_patch.csv,
figure_file,figures/v9/added_value_by_confidence.csv,figures/v9/added_value_by_support.csv,
figure_file,figures/v9/support/confidence_summary.csv,figures/v9/support/support_summary.csv,
figure_file,figures/v9/support/confidence_calibration.csv,figures/v9/support/support_calibration.csv,
figure_file,figures/v9/support/confidence_calibration.png,figures/v9/support/support_calibration.png,
figure_file,figures/v9/support/confidence_histology_patch.csv,figures/v9/support/support_histology_patch.csv,
figure_file,figures/v9/support/confidence_map.png,figures/v9/support/support_map.png,
figure_file,figures/v9/support/confidence_map_myelin.png,figures/v9/support/support_map_myelin.png,
csv_header,figures/v9/added_value_by_support.csv,"support_tertile,n_vertices,win_frac_cyto7,conf_range",1
csv_header,figures/v9/structure_function/bigbrain_addedvalue/added_value_by_confidence.csv,"support_tertile,n_vertices,win_frac_cyto7,conf_range",1
csv_header,figures/v9/support/support_histology_patch.csv,"support_tertile,n,error_rate_vs_histology",1
csv_header,figures/v9/support/support_summary.csv,"hemi,type,n,mean_support,median_support,pct_low_<0.33,pct_high_>=0.66",1
csv_header,figures/v9/support_histology_patch.csv,"support_tertile,n,error_rate_vs_histology",1
csv_header,figures/v9/vs_voneconomo/added_value_by_confidence.csv,"support_tertile,n_vertices,win_frac_cyto7,conf_range",1
script_body,allocortex_proposals.py,allocortex_proposals.py,1
script_body,apply_rule_v3.py,apply_rule_v3.py,4
script_body,build_confidence_map.py,build_confidence_map.py,11
script_body,confidence_io.py,confidence_io.py,9
script_body,extend_spectral_freq.py,extend_spectral_freq.py,2
script_body,extend_structure_function.py,extend_structure_function.py,25
script_body,feature_gallery.py,feature_gallery.py,1
script_body,figure_style.py,figure_style.py,2
script_body,individual_myelin_signalcontrol.py,individual_myelin_signalcontrol.py,9
script_body,individual_myelin_variability.py,individual_myelin_variability.py,28
script_body,plot_myelin_progression_regression.py,plot_myelin_progression_regression.py,8
script_body,refresh_figures.py,refresh_figures.py,5
script_body,render_confidence_myelin.py,render_confidence_myelin.py,3
script_body,rerun_all_v9.py,rerun_all_v9.py,12
script_body,reviewer_response.py,reviewer_response.py,32
script_body,rr15_concordance.py,rr15_concordance.py,11
script_body,rr4_benchmark_holdout.py,rr4_benchmark_holdout.py,3
script_body,summarise_functional_features.py,summarise_functional_features.py,8
script_file,build_confidence_map.py,build_support_map.py,
script_file,confidence_io.py,support_io.py,
script_file,render_confidence_myelin.py,render_support_myelin.py,
