metric,family,primary,predicted_sign,group_mean_rho,group_median_rho,spin_p,frac_predicted,group_mean_rho_allo_excl,spin_p_allo_excl,v1_single_sphere_rho,reliability_across_run,fdr_q,retained_fraction_r2ge0.9,validity_rel_alpha_vs_megalpha,validity_vs_megtimescale
exponent_fixed,dynamics_core,True,neg,-0.11923423194569366,-0.12922914482480072,0.4985014985014985,0.797752808988764,-0.10113031341203574,0.5634365634365635,-0.01256197401939,0.8717883621453113,0.5815850815850816,0.9989864618252672,0.9777976526082794,
peak_freq,dynamics_core,False,pos,0.027977869777279347,0.020802794122461516,0.8241758241758241,0.5393258426966292,0.01946504810390527,0.8781218781218781,0.0043411442336908,,0.8241758241758241,0.9989864618252672,0.9777976526082794,
offset,dynamics_core,False,none,-0.16181032970311,-0.1663687303984153,0.2127872127872128,,-0.14665768911069105,0.24775224775224775,-0.1073969660242624,,0.29790209790209793,0.9989864618252672,0.9777976526082794,
knee_tau,dynamics_core,False,neg,-0.34344545164028595,-0.3841328089961084,0.026973026973026972,0.9438202247191011,-0.33068173622265207,0.03396603396603397,,,0.0472027972027972,0.9989864618252672,0.9777976526082794,
int_1e,dynamics_core,False,neg,-0.31471462567329667,-0.3251750822383775,0.024975024975024976,0.9775280898876404,-0.2979869646198258,0.03996003996003996,,0.8627177299047691,0.0472027972027972,0.9989864618252672,0.9777976526082794,0.4626521907291246
int_area,dynamics_core,True,neg,-0.45921864869617685,-0.471195242338087,0.003996003996003996,1.0,-0.45096356882412686,0.004995004995004995,,0.8280498115489012,0.027972027972027972,0.9989864618252672,0.9777976526082794,0.852036595179627
int_tau,dynamics_core,False,neg,-0.37973232051217815,-0.3768568291399275,0.012987012987012988,1.0,-0.36084359761611007,0.02197802197802198,,0.8781095086626406,0.045454545454545456,0.9989864618252672,0.9777976526082794,0.6513587706148783
exponent_knee,dynamics_robust,False,neg,0.33875994632218037,0.35810312776086417,0.03996003996003996,0.033707865168539325,0.32985016105681686,0.04695304695304695,,,0.07992007992007992,0.9989864618252672,0.9777976526082794,
exponent_broad,dynamics_robust,False,neg,0.09538426965805877,0.09680184050295247,0.46853146853146854,0.1797752808988764,0.08859576164841752,0.5114885114885115,,,0.46853146853146854,0.9989864618252672,0.9777976526082794,
osc_delta,osc_band,False,neg,-0.029778481893266484,-0.011220955794794943,0.2837162837162837,0.9393939393939394,-0.029339673469417283,0.2947052947052947,,,0.3972027972027972,0.9989864618252672,0.9777976526082794,
osc_theta,osc_band,False,neg,-0.09234604415790361,-0.10477194714953492,0.4925074925074925,0.7415730337078652,-0.09813832705044256,0.4645354645354645,,,0.5745920745920746,0.9989864618252672,0.9777976526082794,
osc_alpha,osc_band,False,none,0.26023412823144093,0.26885514594234083,0.24175824175824176,,0.2633411447530705,0.23976023976023977,,,0.3972027972027972,0.9989864618252672,0.9777976526082794,
osc_beta,osc_band,False,pos,0.22216951196597498,0.22778219334421806,0.011988011988011988,0.898876404494382,0.21499347654425183,0.016983016983016984,,,0.027972027972027972,0.9989864618252672,0.9777976526082794,
osc_gamma1,osc_band,False,pos,-0.027307667321464467,-0.01937746496232747,0.5914085914085914,0.2823529411764706,-0.03048293523639902,0.5394605394605395,,,0.5914085914085915,0.9989864618252672,0.9777976526082794,
sf_ratio,osc_band,False,neg,-0.35637571154448666,-0.35939717330998044,0.008991008991008992,0.9775280898876404,-0.3385953338906851,0.01098901098901099,,,0.027972027972027972,0.9989864618252672,0.9777976526082794,
centroid,osc_band,False,pos,0.40879117807699367,0.42349682547759016,0.003996003996003996,0.9887640449438202,0.39211964916460607,0.004995004995004995,,,0.027972027972027972,0.9989864618252672,0.9777976526082794,
