tier,feature,feature_label,n,mean,ci95,ci_low,ci_high
allocortex,myelin,Myelin (T1w/T2w),690,1.3504358493763469,0.014766699761905996,1.3356691496144408,1.365202549138253
allocortex,thickness,Cortical thickness,690,2.9529820884483446,0.04591771503125409,2.9070643734170907,2.9988998034795986
allocortex,gradient,Functional gradient,690,0.7169744161207336,0.21837542848432306,0.4985989876364106,0.9353498446050568
allocortex,timescale,Intrinsic timescale,690,20.50285390218099,0.7747566979153373,19.728097204265655,21.277610600096327
mesocortex,myelin,Myelin (T1w/T2w),7359,1.2308847458243677,0.003821545385906687,1.227063200438461,1.2347062912102744
mesocortex,thickness,Cortical thickness,7359,2.9732600096241097,0.0096225388555729,2.963637470768537,2.9828825484796826
mesocortex,gradient,Functional gradient,7359,1.5704176740154279,0.077379163620934,1.4930385103944939,1.6477968376363619
mesocortex,timescale,Intrinsic timescale,7359,22.744685411615237,0.17030675985665658,22.57437865175858,22.914992171471894
isocortex,myelin,Myelin (T1w/T2w),50682,1.3392827696438196,0.00107643893486231,1.3382063307089573,1.340359208578682
isocortex,thickness,Cortical thickness,50682,2.5822714229540047,0.0028195244820785744,2.579451898471926,2.5850909474360835
isocortex,gradient,Functional gradient,50682,-0.5700865501886899,0.03669309291184715,-0.6067796431005371,-0.5333934572768427
isocortex,timescale,Intrinsic timescale,50682,18.06150278940295,0.06255655783109917,17.998946231571853,18.12405934723405
