gene,partition,n_parcels,spearman_rho,published_rho_fsaverage,published_p_corrected_rr13
RORB,cyto7 (published map),34,0.7695951107715814,0.776142240702137,0.0029970029970029
CUX2,cyto7 (published map),34,0.7228418640183345,0.7111518789155072,0.0029970029970029
FEZF2,cyto7 (published map),34,-0.6030557677616502,-0.5931611515825541,0.0034965034965034
FOXP2,cyto7 (published map),34,0.6855614973262031,0.6890047521022021,0.0039960039960039
TLE4,cyto7 (published map),34,0.28922841864018334,0.2943276784085443,0.0439560439560439
RORB,myelin septile,34,0.6262796027501909,,
CUX2,myelin septile,34,0.5556913674560733,,
FEZF2,myelin septile,34,-0.1712757830404889,,
FOXP2,myelin septile,34,0.4899923605805958,,
TLE4,myelin septile,34,0.5046600458365164,,
RORB,gradient septile,34,-0.3390374331550802,,
CUX2,gradient septile,34,-0.28770053475935825,,
FEZF2,gradient septile,34,-0.03712757830404889,,
FOXP2,gradient septile,34,-0.27425515660809774,,
TLE4,gradient septile,34,-0.32284186401833453,,
RORB,BigBrain Hist-G1 septile,34,0.6791443850267378,,
CUX2,BigBrain Hist-G1 septile,34,0.6754774637127577,,
FEZF2,BigBrain Hist-G1 septile,34,-0.2611153552330023,,
FOXP2,BigBrain Hist-G1 septile,34,0.6201680672268907,,
TLE4,BigBrain Hist-G1 septile,34,0.11688311688311688,,
