feature,feature_key,partition,level,spearman_rho,spin_p,q_fdr_within_partition
T1w/T2w myelin,myelin,cyto7 (published map),vertex,0.5893975139520835,0.000999000999000999,0.003996003996003996
T1w/T2w myelin,myelin,myelin septile,vertex,0.9897433187071667,0.000999000999000999,0.002997002997002997
T1w/T2w myelin,myelin,gradient septile,vertex,-0.615041628164575,0.001998001998001998,0.007992007992007992
T1w/T2w myelin,myelin,BigBrain Hist-G1 septile,vertex,0.34481535661433926,0.0939060939060939,0.16098187526758956
Cortical thickness,thickness,cyto7 (published map),vertex,-0.5017757115011777,0.001998001998001998,0.005994005994005994
Cortical thickness,thickness,myelin septile,vertex,-0.5584903872275954,0.001998001998001998,0.004795204795204795
Cortical thickness,thickness,gradient septile,vertex,0.38933014052331455,0.029970029970029972,0.0513771942343371
Cortical thickness,thickness,BigBrain Hist-G1 septile,vertex,-0.40429194725741235,0.008991008991008992,0.05394605394605395
Intrinsic timescale,timescale,cyto7 (published map),vertex,-0.4848055260505404,0.04595404595404595,0.11028971028971028
Intrinsic timescale,timescale,myelin septile,vertex,-0.6101414928259467,0.01098901098901099,0.01883830455259027
Intrinsic timescale,timescale,gradient septile,vertex,0.5278818793987027,0.008991008991008992,0.021578421578421582
Intrinsic timescale,timescale,BigBrain Hist-G1 septile,vertex,-0.3778536426570063,0.33266733266733267,0.362909817455272
Delta power (0.5-4 Hz),delta,cyto7 (published map),vertex,-0.44267883788652396,0.10989010989010989,0.18838304552590265
Delta power (0.5-4 Hz),delta,myelin septile,vertex,-0.6076830409424463,0.007992007992007992,0.015984015984015984
Delta power (0.5-4 Hz),delta,gradient septile,vertex,0.4829958106287197,0.015984015984015984,0.03196803196803197
Delta power (0.5-4 Hz),delta,BigBrain Hist-G1 septile,vertex,-0.4555362434143333,0.22477522477522477,0.2697302697302697
Theta power (4-8 Hz),theta,cyto7 (published map),vertex,-0.17768598856017434,0.6233766233766234,0.6233766233766234
Theta power (4-8 Hz),theta,myelin septile,vertex,-0.3850100859128517,0.2827172827172827,0.3084188538733993
Theta power (4-8 Hz),theta,gradient septile,vertex,0.1757273614606908,0.5554445554445554,0.5554445554445554
Theta power (4-8 Hz),theta,BigBrain Hist-G1 septile,vertex,-0.5768395852725408,0.03996003996003996,0.11988011988011987
Alpha power (8-12 Hz),alpha,cyto7 (published map),vertex,0.36915008719066494,0.25674325674325676,0.38494838494838496
Alpha power (8-12 Hz),alpha,myelin septile,vertex,0.5741328385624184,0.024975024975024976,0.037462537462537464
Alpha power (8-12 Hz),alpha,gradient septile,vertex,-0.35696008160996995,0.16283716283716285,0.24425574425574426
Alpha power (8-12 Hz),alpha,BigBrain Hist-G1 septile,vertex,0.6042616049833414,0.02097902097902098,0.08391608391608392
Beta power (12-30 Hz),beta,cyto7 (published map),vertex,0.2659856079858719,0.4155844155844156,0.45336481700118064
Beta power (12-30 Hz),beta,myelin septile,vertex,0.16012748868762716,0.6883116883116883,0.6883116883116883
Beta power (12-30 Hz),beta,gradient septile,vertex,-0.2905817590463447,0.2727272727272727,0.29752066115702475
Beta power (12-30 Hz),beta,BigBrain Hist-G1 septile,vertex,-0.2104606529280707,0.6483516483516484,0.6483516483516484
Gamma power (30-60 Hz),gamma,cyto7 (published map),vertex,-0.30822413259943343,0.2887112887112887,0.38494838494838496
Gamma power (30-60 Hz),gamma,myelin septile,vertex,-0.5200229939435289,0.030969030969030968,0.04129204129204129
Gamma power (30-60 Hz),gamma,gradient septile,vertex,0.27509019219900577,0.27172827172827174,0.29752066115702475
Gamma power (30-60 Hz),gamma,BigBrain Hist-G1 septile,vertex,-0.5279102949286554,0.05094905094905095,0.1222777222777223
Principal functional gradient,gradient,cyto7 (published map),vertex,-0.5761304172405727,0.000999000999000999,0.003996003996003996
Principal functional gradient,gradient,myelin septile,vertex,-0.6259422625117992,0.000999000999000999,0.002997002997002997
Principal functional gradient,gradient,gradient septile,vertex,0.9897433187018756,0.000999000999000999,0.007992007992007992
Principal functional gradient,gradient,BigBrain Hist-G1 septile,vertex,-0.23220193509030215,0.1928071928071928,0.2697302697302697
gene_pc1,gene_pc1,cyto7 (published map),vertex,0.6656730948691427,0.000999000999000999,0.003996003996003996
gene_pc1,gene_pc1,myelin septile,vertex,0.8412187670262729,0.000999000999000999,0.002997002997002997
gene_pc1,gene_pc1,gradient septile,vertex,-0.5860347920396914,0.001998001998001998,0.007992007992007992
gene_pc1,gene_pc1,BigBrain Hist-G1 septile,vertex,0.44088365543145974,0.08891108891108891,0.16098187526758956
histg1,histg1,cyto7 (published map),vertex,0.20840293236818766,0.3696303696303696,0.4435564435564435
histg1,histg1,myelin septile,vertex,0.3508592858673655,0.0969030969030969,0.11628371628371628
histg1,histg1,gradient septile,vertex,-0.2345802406879099,0.1928071928071928,0.25707625707625703
histg1,histg1,BigBrain Hist-G1 septile,vertex,0.9897433190734714,0.000999000999000999,0.011988011988011988
receptor_pc1,receptor_pc1,cyto7 (published map),vertex,-0.3292195683731758,0.06293706293706294,0.1258741258741259
receptor_pc1,receptor_pc1,myelin septile,vertex,-0.5952769674755527,0.000999000999000999,0.002997002997002997
receptor_pc1,receptor_pc1,gradient septile,vertex,0.46672436011359314,0.006993006993006993,0.02097902097902098
receptor_pc1,receptor_pc1,BigBrain Hist-G1 septile,vertex,-0.2496106979520654,0.2177822177822178,0.2697302697302697
