partition,max_size_error_pct,n_components_max,n_components_mean
0,8.09909220168435,2,2.0
1,4.528054249152357,2,2.0
2,6.321776222246528,2,2.0
3,2.881986218965329,2,2.0
4,9.373291042327464,2,2.0
5,4.243683692442306,2,2.0
6,5.0092967297385975,2,2.0
7,1.6624740238433775,2,2.0
8,3.66400524991797,2,2.0
9,5.146013343541507,2,2.0
10,1.8812206059280325,2,2.0
11,11.145138357213169,2,2.0
12,3.8772831674505084,2,2.0
13,4.112435743191513,2,2.0
14,8.427212074811331,2,2.0
15,7.032702614021656,2,2.0
16,4.451492945422728,2,2.0
17,2.417149732035437,2,2.0
18,3.795253199168763,2,2.0
19,9.252980422180904,2,2.0
20,2.4226183965875534,2,2.0
21,8.536585365853659,2,2.0
22,5.375697254730395,2,2.0
23,4.774144153997593,2,2.0
24,7.924094936016625,2,2.0
