partition,win_fraction
0,0.5242020172418004
1,0.5446797079151098
2,0.5440691625760129
3,0.5462671257967616
4,0.5086453220016118
5,0.5084499474931008
6,0.4551981830170708
7,0.49284440862578455
8,0.5227367084279678
9,0.5374264292866389
10,0.5683810779788507
11,0.5453390968813344
12,0.5115881505360588
13,0.5350086697438152
14,0.5354848951083108
15,0.5361687058880993
16,0.5332502991672161
17,0.5568661928834835
18,0.48491953012430705
19,0.5455222604830635
20,0.5460839621950326
21,0.5538989425354727
22,0.5136640046889882
23,0.5378049673968789
24,0.4841990866241727
25,0.517620338486336
26,0.5611277993503797
27,0.5518230883825432
28,0.5622267809607542
29,0.49836373849122034
30,0.5206242215546927
31,0.5414071848975505
32,0.5586001416465187
33,0.5677583217329719
34,0.5331648228197426
35,0.548745939873495
36,0.5616284465284392
37,0.5761227928785991
38,0.5486604635260215
39,0.5192443890883337
40,0.5701028158351039
41,0.5349964588370333
42,0.5773683053703568
43,0.5715192810218087
44,0.5502723032212372
45,0.5913009500085477
46,0.5309790705057758
47,0.5524702664419859
48,0.4864336825652673
49,0.5926929933816886
50,0.5528121718318803
51,0.5525068991623318
52,0.5627884826727233
53,0.5680391725889564
54,0.5289276381664102
55,0.47748308789410704
56,0.5466090311866559
57,0.5334090409553813
58,0.5430922900334579
59,0.530344103353115
60,0.5203067379783622
61,0.5685520306737978
62,0.46856912594329253
63,0.5791022541333919
64,0.5321513175568418
65,0.5527999609250983
66,0.5692358414535863
67,0.5300876743106943
68,0.5963562654162698
69,0.5242997044960559
70,0.49209954331208633
71,0.5226268102669305
72,0.5813246391677046
73,0.5844750531174445
74,0.5449849805846582
75,0.613353847656727
76,0.5879795833638606
77,0.5625320536303026
78,0.521344665054827
79,0.5695899577502626
80,0.5712994846997338
81,0.5470730456443695
82,0.5223459594109459
83,0.5590031015703226
84,0.5737416660561213
85,0.47129215815566466
86,0.5278286565560358
87,0.5701516594622317
88,0.5392824871174934
89,0.5515300266197768
90,0.5396366034141695
91,0.5473416855935722
92,0.5171074804014946
93,0.556389967518988
94,0.5847070603463013
95,0.5353383642269275
96,0.5410652795076563
97,0.5008303416611718
98,0.5110264488240897
99,0.5681612816567758
100,0.5006960216865705
101,0.5213812977751728
102,0.4971548587198085
103,0.5351552006251984
104,0.5423718465333236
105,0.5302952597259872
106,0.5786626614892422
107,0.5390626907954185
108,0.5756587784208855
109,0.5546071751288251
110,0.5067892641707573
111,0.5603218795027719
112,0.519561872664664
113,0.5278530783695997
114,0.5720931936405598
115,0.49760666227074024
116,0.5607492612401397
117,0.5338120008791852
118,0.5571104110191223
119,0.492954306786822
120,0.5198427235206486
121,0.5471096783647154
122,0.5002930617627666
123,0.5502600923144553
124,0.4929909395071678
125,0.5316018267516546
126,0.5072044350013432
127,0.5396732361345153
128,0.6214863115734974
129,0.5522138373995653
130,0.5042616064668962
131,0.5683932888856327
132,0.5500525068991623
133,0.5630815444354897
134,0.5576965345446553
135,0.5679048526143552
136,0.5095122963831294
137,0.5318338339805114
138,0.5602852467824261
139,0.534276015336899
140,0.5284269909883508
141,0.5937309204581532
142,0.5649498131731262
143,0.5450582460253498
144,0.5076806603658388
145,0.5083400493320634
146,0.5140669646127921
147,0.49522553544826237
148,0.5215156177497741
149,0.5299899870564388
150,0.6051236964857011
151,0.5359366986592424
152,0.5581727599091508
153,0.5839499841258212
154,0.5404425232617774
155,0.5174493857913889
156,0.5343737025911545
157,0.5230175592839524
158,0.5872591398637262
159,0.5248003516741153
160,0.5525435318826776
161,0.5214667741226463
162,0.5896768994065499
163,0.5623366791217916
164,0.5986885486116199
165,0.47704349524995726
166,0.542872493711383
167,0.5687474051823088
168,0.5449605587710944
169,0.5765013309888393
170,0.5229442938432608
171,0.4932717903631524
172,0.5062397733655701
173,0.525252155225047
174,0.5328107065230664
175,0.5643026351136835
176,0.5475859037292109
177,0.5387085744987423
178,0.5492587979583364
179,0.5624709990963929
180,0.5236647373433951
181,0.578320756099348
182,0.5824358316848609
183,0.5753779275649009
184,0.503125992136176
185,0.569492270496007
186,0.5643270569272474
187,0.5731189098102425
188,0.5630449117151439
189,0.5783329670061299
190,0.5748650694800596
191,0.5259970205387452
192,0.5513224412044838
193,0.5353261533201455
194,0.5468166166019489
195,0.5764891200820573
196,0.536986836642489
197,0.6009353554594964
198,0.528573521869734
199,0.48311231592058024
