hemi,vertex,old_type,new_type
lh,2904,agranular,dysgranular
lh,54789,agranular,dysgranular
lh,54790,agranular,dysgranular
lh,54791,agranular,dysgranular
lh,59255,dysgranular,agranular
lh,88982,agranular,dysgranular
lh,113295,agranular,dysgranular
lh,122904,dysgranular,agranular
lh,144336,agranular,dysgranular
lh,160029,agranular,dysgranular
rh,12746,agranular,dysgranular
rh,40010,dysgranular,agranular
rh,40011,dysgranular,agranular
rh,43849,agranular,Allocortex
rh,86001,agranular,dysgranular
rh,89776,dysgranular,agranular
rh,89781,dysgranular,agranular
rh,127682,dysgranular,agranular
rh,127683,dysgranular,agranular
rh,156448,agranular,dysgranular
rh,160953,dysgranular,agranular
rh,160981,dysgranular,agranular
rh,160982,dysgranular,agranular
rh,160985,dysgranular,agranular
