hemi,vertex,v8,v9
lh,149,Agranular,Allocortex
lh,337,Agranular,Allocortex
lh,605,Agranular,Allocortex
lh,817,Agranular,Allocortex
lh,1372,Agranular,Allocortex
lh,1759,Agranular,Allocortex
lh,2435,Agranular,Allocortex
lh,2444,Agranular,Allocortex
lh,2445,Agranular,Allocortex
lh,2451,Agranular,Allocortex
lh,2452,Agranular,Allocortex
lh,3292,Agranular,Allocortex
lh,3892,Agranular,Allocortex
lh,5468,Agranular,Allocortex
lh,5485,Agranular,Allocortex
lh,5486,Agranular,Allocortex
lh,5487,Agranular,Allocortex
lh,6079,Agranular,Allocortex
lh,7078,Agranular,Allocortex
lh,7945,Agranular,Allocortex
lh,9863,Agranular,Allocortex
lh,9889,Agranular,Allocortex
lh,9890,Agranular,Allocortex
lh,9891,Agranular,Allocortex
lh,9892,Agranular,Allocortex
lh,9893,Agranular,Allocortex
lh,9896,Agranular,Allocortex
lh,9897,Agranular,Allocortex
lh,9898,Agranular,Allocortex
lh,9899,Agranular,Allocortex
lh,9908,Agranular,Allocortex
lh,9909,Agranular,Allocortex
lh,9910,Agranular,Allocortex
lh,9911,Agranular,Allocortex
lh,9912,Agranular,Allocortex
lh,9913,Agranular,Allocortex
lh,9914,Agranular,Allocortex
lh,9915,Agranular,Allocortex
lh,10972,Agranular,Allocortex
lh,11572,Agranular,Allocortex
lh,13166,Agranular,Allocortex
lh,13167,Agranular,Allocortex
lh,13233,Agranular,Allocortex
lh,13235,Agranular,Allocortex
lh,13237,Agranular,Allocortex
lh,13972,Agranular,Allocortex
lh,15633,Agranular,Allocortex
lh,15635,Agranular,Allocortex
lh,15636,Agranular,Allocortex
lh,15637,Agranular,Allocortex
lh,17435,Agranular,Allocortex
lh,17436,Agranular,Allocortex
lh,17437,Agranular,Allocortex
lh,22094,Agranular,Allocortex
lh,22160,Agranular,Allocortex
lh,22161,Agranular,Allocortex
lh,22162,Agranular,Allocortex
lh,22163,Agranular,Allocortex
lh,22164,Agranular,Allocortex
lh,22165,Agranular,Allocortex
lh,22166,Agranular,Allocortex
lh,22167,Agranular,Allocortex
lh,22168,Agranular,Allocortex
lh,22169,Agranular,Allocortex
lh,22178,Agranular,Allocortex
lh,22183,Agranular,Allocortex
lh,22208,Agranular,Allocortex
lh,22210,Agranular,Allocortex
lh,22211,Agranular,Allocortex
lh,22212,Agranular,Allocortex
lh,22213,Agranular,Allocortex
lh,22214,Agranular,Allocortex
lh,22218,Agranular,Allocortex
lh,22219,Agranular,Allocortex
lh,22220,Agranular,Allocortex
lh,22221,Agranular,Allocortex
lh,22222,Agranular,Allocortex
lh,22223,Agranular,Allocortex
lh,22224,Agranular,Allocortex
lh,24357,Agranular,Allocortex
lh,24358,Agranular,Allocortex
lh,25438,Agranular,Allocortex
lh,28274,Agranular,Allocortex
lh,28304,Agranular,Allocortex
lh,28307,Agranular,Allocortex
lh,28308,Agranular,Allocortex
lh,28309,Agranular,Allocortex
lh,28310,Agranular,Allocortex
lh,29545,Agranular,Allocortex
lh,31875,Agranular,Allocortex
lh,31876,Agranular,Allocortex
lh,34183,Agranular,Allocortex
lh,39905,Agranular,Allocortex
lh,39906,Agranular,Allocortex
lh,39907,Agranular,Allocortex
lh,39909,Agranular,Allocortex
lh,39910,Agranular,Allocortex
lh,39911,Agranular,Allocortex
lh,39912,Agranular,Allocortex
lh,39913,Agranular,Allocortex
lh,39914,Agranular,Allocortex
lh,39915,Agranular,Allocortex
lh,39916,Agranular,Allocortex
lh,39917,Agranular,Allocortex
lh,39924,Agranular,Allocortex
lh,39925,Agranular,Allocortex
lh,39926,Agranular,Allocortex
lh,39927,Agranular,Allocortex
lh,39928,Agranular,Allocortex
lh,39929,Agranular,Allocortex
lh,39931,Agranular,Allocortex
lh,39932,Agranular,Allocortex
lh,39933,Agranular,Allocortex
lh,39934,Agranular,Allocortex
lh,39935,Agranular,Allocortex
lh,39961,Agranular,Allocortex
lh,39962,Agranular,Allocortex
lh,39963,Agranular,Allocortex
lh,39964,Agranular,Allocortex
lh,39965,Agranular,Allocortex
lh,39966,Agranular,Allocortex
lh,39967,Agranular,Allocortex
lh,39968,Agranular,Allocortex
lh,39969,Agranular,Allocortex
lh,39970,Agranular,Allocortex
lh,39971,Agranular,Allocortex
lh,39973,Agranular,Allocortex
lh,39974,Agranular,Allocortex
lh,39976,Agranular,Allocortex
lh,39977,Agranular,Allocortex
lh,39978,Agranular,Allocortex
lh,39979,Agranular,Allocortex
lh,39980,Agranular,Allocortex
lh,39981,Agranular,Allocortex
lh,39982,Agranular,Allocortex
lh,41688,Agranular,Allocortex
lh,41690,Agranular,Allocortex
lh,41691,Agranular,Allocortex
lh,41692,Agranular,Allocortex
lh,42288,Agranular,Allocortex
lh,42290,Agranular,Allocortex
lh,42291,Agranular,Allocortex
lh,42292,Agranular,Allocortex
lh,43953,Agranular,Allocortex
lh,43954,Agranular,Allocortex
lh,43955,Agranular,Allocortex
lh,43956,Agranular,Allocortex
lh,43957,Agranular,Allocortex
lh,44691,Agranular,Allocortex
lh,44692,Agranular,Allocortex
lh,46353,Agranular,Allocortex
lh,46354,Agranular,Allocortex
lh,46355,Agranular,Allocortex
lh,46356,Agranular,Allocortex
lh,46357,Agranular,Allocortex
lh,48153,Agranular,Allocortex
lh,48154,Agranular,Allocortex
lh,48155,Agranular,Allocortex
lh,48156,Agranular,Allocortex
lh,48157,Agranular,Allocortex
lh,52814,Agranular,Allocortex
lh,52878,Agranular,Allocortex
lh,52879,Agranular,Allocortex
lh,52880,Agranular,Allocortex
lh,52881,Agranular,Allocortex
lh,52882,Agranular,Allocortex
lh,52883,Agranular,Allocortex
lh,52884,Agranular,Allocortex
lh,52885,Agranular,Allocortex
lh,52886,Agranular,Allocortex
lh,52887,Agranular,Allocortex
lh,52888,Agranular,Allocortex
lh,52889,Agranular,Allocortex
lh,52930,Agranular,Allocortex
lh,52931,Agranular,Allocortex
lh,52932,Agranular,Allocortex
lh,52933,Agranular,Allocortex
lh,52934,Agranular,Allocortex
lh,52938,Agranular,Allocortex
lh,52939,Agranular,Allocortex
lh,52940,Agranular,Allocortex
lh,52941,Agranular,Allocortex
lh,52942,Agranular,Allocortex
lh,52943,Agranular,Allocortex
lh,52944,Agranular,Allocortex
lh,55953,Agranular,Allocortex
lh,55955,Agranular,Allocortex
lh,55956,Agranular,Allocortex
lh,55957,Agranular,Allocortex
lh,57753,Agranular,Allocortex
lh,57755,Agranular,Allocortex
lh,57756,Agranular,Allocortex
lh,57757,Agranular,Allocortex
lh,62534,Agranular,Allocortex
lh,62535,Agranular,Allocortex
lh,62536,Agranular,Allocortex
lh,62537,Agranular,Allocortex
lh,62538,Agranular,Allocortex
lh,62539,Agranular,Allocortex
lh,62540,Agranular,Allocortex
lh,62541,Agranular,Allocortex
lh,62542,Agranular,Allocortex
lh,62543,Agranular,Allocortex
lh,62544,Agranular,Allocortex
lh,64953,Agranular,Allocortex
lh,64955,Agranular,Allocortex
lh,64956,Agranular,Allocortex
lh,64957,Agranular,Allocortex
lh,69948,Agranular,Allocortex
lh,69949,Agranular,Allocortex
lh,69950,Agranular,Allocortex
lh,69951,Agranular,Allocortex
lh,69952,Agranular,Allocortex
lh,75348,Agranular,Allocortex
lh,75350,Agranular,Allocortex
lh,75351,Agranular,Allocortex
lh,75352,Agranular,Allocortex
lh,89516,Agranular,Allocortex
lh,89518,Agranular,Allocortex
lh,89519,Agranular,Allocortex
lh,89520,Agranular,Allocortex
lh,89521,Agranular,Allocortex
lh,89522,Agranular,Allocortex
lh,89523,Agranular,Allocortex
lh,89524,Agranular,Allocortex
lh,89525,Agranular,Allocortex
lh,89526,Agranular,Allocortex
lh,89527,Agranular,Allocortex
lh,89528,Agranular,Allocortex
lh,89529,Agranular,Allocortex
lh,89530,Agranular,Allocortex
lh,89531,Agranular,Allocortex
lh,89532,Agranular,Allocortex
lh,89533,Agranular,Allocortex
lh,89534,Agranular,Allocortex
lh,89535,Agranular,Allocortex
lh,89536,Agranular,Allocortex
lh,89537,Agranular,Allocortex
lh,89538,Agranular,Allocortex
lh,89539,Agranular,Allocortex
lh,89540,Agranular,Allocortex
lh,89541,Agranular,Allocortex
lh,89542,Agranular,Allocortex
lh,89543,Agranular,Allocortex
lh,89544,Agranular,Allocortex
lh,89545,Agranular,Allocortex
lh,89546,Agranular,Allocortex
lh,89547,Agranular,Allocortex
lh,89548,Agranular,Allocortex
lh,89549,Agranular,Allocortex
lh,89566,Agranular,Allocortex
lh,89569,Agranular,Allocortex
lh,89570,Agranular,Allocortex
lh,89571,Agranular,Allocortex
lh,89572,Agranular,Allocortex
lh,89573,Agranular,Allocortex
lh,89574,Agranular,Allocortex
lh,89575,Agranular,Allocortex
lh,89576,Agranular,Allocortex
lh,89577,Agranular,Allocortex
lh,89578,Agranular,Allocortex
lh,89579,Agranular,Allocortex
lh,89585,Agranular,Allocortex
lh,89586,Agranular,Allocortex
lh,89587,Agranular,Allocortex
lh,89588,Agranular,Allocortex
lh,89589,Agranular,Allocortex
lh,89590,Agranular,Allocortex
lh,89591,Agranular,Allocortex
lh,89592,Agranular,Allocortex
lh,89593,Agranular,Allocortex
lh,89594,Agranular,Allocortex
lh,89660,Agranular,Allocortex
lh,89661,Agranular,Allocortex
lh,89662,Agranular,Allocortex
lh,89663,Agranular,Allocortex
lh,89664,Agranular,Allocortex
lh,89665,Agranular,Allocortex
lh,89666,Agranular,Allocortex
lh,89667,Agranular,Allocortex
lh,89668,Agranular,Allocortex
lh,89669,Agranular,Allocortex
lh,89671,Agranular,Allocortex
lh,89672,Agranular,Allocortex
lh,89673,Agranular,Allocortex
lh,89674,Agranular,Allocortex
lh,89675,Agranular,Allocortex
lh,89676,Agranular,Allocortex
lh,89677,Agranular,Allocortex
lh,89678,Agranular,Allocortex
lh,89679,Agranular,Allocortex
lh,89680,Agranular,Allocortex
lh,89681,Agranular,Allocortex
lh,89682,Agranular,Allocortex
lh,89683,Agranular,Allocortex
lh,89684,Agranular,Allocortex
lh,89690,Agranular,Allocortex
lh,89691,Agranular,Allocortex
lh,89692,Agranular,Allocortex
lh,89693,Agranular,Allocortex
lh,89695,Agranular,Allocortex
lh,89696,Agranular,Allocortex
lh,89697,Agranular,Allocortex
lh,89698,Agranular,Allocortex
lh,89699,Agranular,Allocortex
lh,89700,Agranular,Allocortex
lh,89701,Agranular,Allocortex
lh,89702,Agranular,Allocortex
lh,89703,Agranular,Allocortex
lh,89704,Agranular,Allocortex
lh,89705,Agranular,Allocortex
lh,89706,Agranular,Allocortex
lh,89707,Agranular,Allocortex
lh,89708,Agranular,Allocortex
lh,89709,Agranular,Allocortex
lh,89710,Agranular,Allocortex
lh,89711,Agranular,Allocortex
lh,89712,Agranular,Allocortex
lh,93477,Agranular,Allocortex
lh,93478,Agranular,Allocortex
lh,94557,Agranular,Allocortex
lh,94558,Agranular,Allocortex
lh,97425,Agranular,Allocortex
lh,97426,Agranular,Allocortex
lh,97427,Agranular,Allocortex
lh,97428,Agranular,Allocortex
lh,97429,Agranular,Allocortex
lh,97430,Agranular,Allocortex
lh,97553,Agranular,Allocortex
lh,97554,Agranular,Allocortex
lh,97555,Agranular,Allocortex
lh,98877,Agranular,Allocortex
lh,98878,Agranular,Allocortex
lh,101873,Agranular,Allocortex
lh,101874,Agranular,Allocortex
lh,101875,Agranular,Allocortex
lh,105113,Agranular,Allocortex
lh,105114,Agranular,Allocortex
lh,105115,Agranular,Allocortex
lh,113498,Agranular,Allocortex
lh,113615,Agranular,Allocortex
lh,113616,Agranular,Allocortex
lh,113617,Agranular,Allocortex
lh,113618,Agranular,Allocortex
lh,113619,Agranular,Allocortex
lh,113620,Agranular,Allocortex
lh,113621,Agranular,Allocortex
lh,113622,Agranular,Allocortex
lh,113623,Agranular,Allocortex
lh,113624,Agranular,Allocortex
lh,113625,Agranular,Allocortex
lh,113626,Agranular,Allocortex
lh,113627,Agranular,Allocortex
lh,113628,Agranular,Allocortex
lh,113629,Agranular,Allocortex
lh,113630,Agranular,Allocortex
lh,113631,Agranular,Allocortex
lh,113632,Agranular,Allocortex
lh,113633,Agranular,Allocortex
lh,113648,Agranular,Allocortex
lh,113651,Agranular,Allocortex
lh,113657,Agranular,Allocortex
lh,113702,Agranular,Allocortex
lh,113703,Agranular,Allocortex
lh,113704,Agranular,Allocortex
lh,113705,Agranular,Allocortex
lh,113707,Agranular,Allocortex
lh,113708,Agranular,Allocortex
lh,113709,Agranular,Allocortex
lh,113710,Agranular,Allocortex
lh,113711,Agranular,Allocortex
lh,113712,Agranular,Allocortex
lh,113713,Agranular,Allocortex
lh,113714,Agranular,Allocortex
lh,113720,Agranular,Allocortex
lh,113721,Agranular,Allocortex
lh,113722,Agranular,Allocortex
lh,113723,Agranular,Allocortex
lh,113724,Agranular,Allocortex
lh,113725,Agranular,Allocortex
lh,113726,Agranular,Allocortex
lh,113727,Agranular,Allocortex
lh,113728,Agranular,Allocortex
lh,113729,Agranular,Allocortex
lh,113730,Agranular,Allocortex
lh,113731,Agranular,Allocortex
lh,113732,Agranular,Allocortex
lh,118274,Agranular,Allocortex
lh,118275,Agranular,Allocortex
lh,118276,Agranular,Allocortex
lh,120795,Agranular,Allocortex
lh,120796,Agranular,Allocortex
lh,127411,Agranular,Allocortex
lh,127412,Agranular,Allocortex
lh,127413,Agranular,Allocortex
lh,127414,Agranular,Allocortex
lh,127415,Agranular,Allocortex
lh,127418,Agranular,Allocortex
lh,127419,Agranular,Allocortex
lh,127420,Agranular,Allocortex
lh,127483,Agranular,Allocortex
lh,127484,Agranular,Allocortex
lh,127488,Agranular,Allocortex
lh,127489,Agranular,Allocortex
lh,127490,Agranular,Allocortex
lh,127491,Agranular,Allocortex
lh,127492,Agranular,Allocortex
lh,127493,Agranular,Allocortex
lh,127494,Agranular,Allocortex
lh,127495,Agranular,Allocortex
lh,127496,Agranular,Allocortex
lh,127497,Agranular,Allocortex
lh,127498,Agranular,Allocortex
lh,130662,Agranular,Allocortex
lh,130663,Agranular,Allocortex
lh,136727,Agranular,Allocortex
lh,136988,Agranular,Allocortex
lh,136989,Agranular,Allocortex
lh,136990,Agranular,Allocortex
lh,143616,Agranular,Allocortex
lh,143617,Agranular,Allocortex
lh,160664,Agranular,Allocortex
lh,160672,Agranular,Allocortex
lh,160673,Agranular,Allocortex
lh,160674,Agranular,Allocortex
lh,160675,Agranular,Allocortex
lh,160676,Agranular,Allocortex
lh,160677,Agranular,Allocortex
lh,160678,Agranular,Allocortex
lh,160679,Agranular,Allocortex
lh,160680,Agranular,Allocortex
lh,160686,Agranular,Allocortex
lh,160687,Agranular,Allocortex
lh,160688,Agranular,Allocortex
lh,160689,Agranular,Allocortex
lh,160690,Agranular,Allocortex
lh,160691,Agranular,Allocortex
lh,160692,Agranular,Allocortex
lh,160693,Agranular,Allocortex
lh,160694,Agranular,Allocortex
lh,160695,Agranular,Allocortex
lh,160696,Agranular,Allocortex
lh,160697,Agranular,Allocortex
lh,160698,Agranular,Allocortex
lh,160699,Agranular,Allocortex
lh,160700,Agranular,Allocortex
lh,160701,Agranular,Allocortex
lh,160702,Agranular,Allocortex
lh,160703,Agranular,Allocortex
lh,160704,Agranular,Allocortex
lh,160705,Agranular,Allocortex
lh,160706,Agranular,Allocortex
lh,160707,Agranular,Allocortex
lh,160708,Agranular,Allocortex
lh,160709,Agranular,Allocortex
lh,160727,Agranular,Allocortex
lh,160728,Agranular,Allocortex
lh,160729,Agranular,Allocortex
lh,160730,Agranular,Allocortex
lh,160732,Agranular,Allocortex
lh,160733,Agranular,Allocortex
lh,160734,Agranular,Allocortex
lh,160735,Agranular,Allocortex
lh,160736,Agranular,Allocortex
lh,160737,Agranular,Allocortex
lh,160738,Agranular,Allocortex
lh,160739,Agranular,Allocortex
lh,160740,Agranular,Allocortex
lh,160741,Agranular,Allocortex
lh,160742,Agranular,Allocortex
lh,160743,Agranular,Allocortex
lh,160744,Agranular,Allocortex
lh,160745,Agranular,Allocortex
lh,160751,Agranular,Allocortex
lh,160752,Agranular,Allocortex
lh,160753,Agranular,Allocortex
lh,160754,Agranular,Allocortex
lh,160755,Agranular,Allocortex
lh,160756,Agranular,Allocortex
lh,160757,Agranular,Allocortex
lh,160758,Agranular,Allocortex
lh,160759,Agranular,Allocortex
lh,160760,Agranular,Allocortex
lh,160761,Agranular,Allocortex
lh,160762,Agranular,Allocortex
lh,160763,Agranular,Allocortex
lh,160841,Agranular,Allocortex
lh,160842,Agranular,Allocortex
lh,160843,Agranular,Allocortex
lh,160844,Agranular,Allocortex
lh,160845,Agranular,Allocortex
lh,160846,Agranular,Allocortex
lh,160847,Agranular,Allocortex
lh,160848,Agranular,Allocortex
lh,160849,Agranular,Allocortex
lh,160850,Agranular,Allocortex
lh,160851,Agranular,Allocortex
lh,160852,Agranular,Allocortex
lh,160853,Agranular,Allocortex
lh,160855,Agranular,Allocortex
lh,160856,Agranular,Allocortex
lh,160857,Agranular,Allocortex
lh,160858,Agranular,Allocortex
lh,160859,Agranular,Allocortex
lh,160860,Agranular,Allocortex
lh,160861,Agranular,Allocortex
lh,160862,Agranular,Allocortex
lh,160863,Agranular,Allocortex
lh,160864,Agranular,Allocortex
lh,160865,Agranular,Allocortex
lh,160866,Agranular,Allocortex
lh,160867,Agranular,Allocortex
lh,160868,Agranular,Allocortex
lh,160869,Agranular,Allocortex
lh,160870,Agranular,Allocortex
lh,160871,Agranular,Allocortex
lh,160878,Agranular,Allocortex
lh,160879,Agranular,Allocortex
lh,160880,Agranular,Allocortex
lh,160883,Agranular,Allocortex
lh,160884,Agranular,Allocortex
lh,160885,Agranular,Allocortex
lh,160886,Agranular,Allocortex
lh,160887,Agranular,Allocortex
lh,160888,Agranular,Allocortex
lh,160889,Agranular,Allocortex
lh,160890,Agranular,Allocortex
lh,160891,Agranular,Allocortex
lh,160892,Agranular,Allocortex
lh,160893,Agranular,Allocortex
lh,160894,Agranular,Allocortex
lh,160895,Agranular,Allocortex
lh,160896,Agranular,Allocortex
lh,160897,Agranular,Allocortex
lh,160898,Agranular,Allocortex
lh,160899,Agranular,Allocortex
lh,160900,Agranular,Allocortex
lh,160901,Agranular,Allocortex
lh,160902,Agranular,Allocortex
lh,160903,Agranular,Allocortex
lh,160904,Agranular,Allocortex
lh,160908,Agranular,Allocortex
lh,160909,Agranular,Allocortex
