node,fsaverage,bert
FA_dys,378,194
FA_eul2,2099,1437
FA_eul3,5918,4265
FA_kon,704,409
FB_dys,181,92
FB_eul1,1997,1424
FB_eul2,8941,5743
FB_eul3,1197,699
FC_dys,252,215
FC_eul1,5321,5041
FC_eul2,404,411
FCBm_eul1,937,696
FCBm_eul2,2007,1364
FD_dys,507,517
FD_eul1,707,840
FD_eul2,5635,6514
FDT_eul1,197,199
FDT_eul2,442,504
FDT_eul3,1069,1171
FDdelta_eul2,1045,1408
FE_dys,423,368
FE_eul1,580,662
FE_eul2,1574,2154
FF_agr,429,265
FF_dys,1090,776
FF_eul1,1666,1655
FF_eul2,1172,1072
FF_eul3,328,311
FG_eul1,533,571
FH_dys,773,753
FJK_agr,246,123
FJK_dys,491,311
FLMN_agr,274,207
FLMN_dys,294,233
HA_allo,357,274
HB_allo,333,224
HC_allo,665,387
HC_agr,572,340
HC_dys,130,76
HC_eul1,138,88
IA_dys,1190,821
IA_eul1,549,351
IB_agr,268,109
IB_dys,447,258
IB_eul1,364,287
IB_eul2,250,197
IB_eul3,848,547
LA1_agr,765,591
LA1_dys,1612,956
LA2_agr,787,593
LA2_dys,326,151
LC1_dys,687,401
LC1_eul1,1316,767
LC2_dys,1019,555
LC3_dys,146,74
LD_agr,80,33
LD_dys,217,105
LE_dys,574,278
OA_eul1,184,108
OA_eul2,922,725
OA_eul3,6881,8503
OB_eul2,91,57
OB_eul3,2192,2673
OB_kon,388,556
OC_dys,157,79
OC_eul1,145,88
OC_eul2,278,178
OC_eul3,631,512
OC_kon,2601,2687
PA_dys,46,31
PA_eul1,101,75
PA_eul2,153,95
PA_eul3,1093,723
PA_kon,2233,1287
PB_eul3,466,273
PB_kon,1267,860
PC_eul3,3147,1920
PC_kon,623,519
PD_eul2,3375,2638
PD_eul3,6270,4484
PE_eul1,151,93
PE_eul2,7436,5304
PE_eul3,1749,1288
PF_eul1,512,380
PF_eul2,1680,1659
PF_eul3,4978,3143
PG_eul1,4255,2630
PG_eul2,1558,1106
PH_eul1,1698,1353
PH_eul2,3197,3369
PH_eul3,786,976
TA_dys,311,186
TA_eul1,146,145
TA_eul2,250,287
TA_eul3,1883,1591
TA_kon,97,99
TB_eul1,164,111
TB_eul2,138,92
TB_eul3,367,263
TC_eul3,212,166
TC_kon,564,397
TD_kon,398,224
TE_agr,180,168
TE_dys,535,579
TE_eul1,4543,5410
TE_eul2,1754,1450
TE_eul3,5952,4668
TF_allo,109,79
TF_agr,372,288
TF_dys,357,239
TF_eul1,1729,1577
TF_eul2,105,76
TG_allo,417,223
TG_agr,1317,1003
TG_dys,1371,1739
