node,fsaverage,fsaverage
FA_dys,378,378
FA_eul2,2099,2099
FA_eul3,5918,5918
FA_kon,704,704
FB_dys,181,181
FB_eul1,1997,1997
FB_eul2,8941,8941
FB_eul3,1197,1197
FC_dys,252,252
FC_eul1,5321,5321
FC_eul2,404,404
FCBm_eul1,937,937
FCBm_eul2,2007,2007
FD_dys,507,507
FD_eul1,707,707
FD_eul2,5635,5635
FDT_eul1,197,197
FDT_eul2,442,442
FDT_eul3,1069,1069
FDdelta_eul2,1045,1045
FE_dys,423,423
FE_eul1,580,580
FE_eul2,1574,1574
FF_agr,429,429
FF_dys,1090,1090
FF_eul1,1666,1666
FF_eul2,1172,1172
FF_eul3,328,328
FG_eul1,533,533
FH_dys,773,773
FJK_agr,246,246
FJK_dys,491,491
FLMN_agr,274,274
FLMN_dys,294,294
HA_allo,357,357
HB_allo,333,333
HC_allo,665,665
HC_agr,572,572
HC_dys,130,130
HC_eul1,138,138
IA_dys,1190,1190
IA_eul1,549,549
IB_agr,268,268
IB_dys,447,447
IB_eul1,364,364
IB_eul2,250,250
IB_eul3,848,848
LA1_agr,765,765
LA1_dys,1612,1612
LA2_agr,787,787
LA2_dys,326,326
LC1_dys,687,687
LC1_eul1,1316,1316
LC2_dys,1019,1019
LC3_dys,146,146
LD_agr,80,80
LD_dys,217,217
LE_dys,574,574
OA_eul1,184,184
OA_eul2,922,922
OA_eul3,6881,6881
OB_eul2,91,91
OB_eul3,2192,2192
OB_kon,388,388
OC_dys,157,157
OC_eul1,145,145
OC_eul2,278,278
OC_eul3,631,631
OC_kon,2601,2601
PA_dys,46,46
PA_eul1,101,101
PA_eul2,153,153
PA_eul3,1093,1093
PA_kon,2233,2233
PB_eul3,466,466
PB_kon,1267,1267
PC_eul3,3147,3147
PC_kon,623,623
PD_eul2,3375,3375
PD_eul3,6270,6270
PE_eul1,151,151
PE_eul2,7436,7436
PE_eul3,1749,1749
PF_eul1,512,512
PF_eul2,1680,1680
PF_eul3,4978,4978
PG_eul1,4255,4255
PG_eul2,1558,1558
PH_eul1,1698,1698
PH_eul2,3197,3197
PH_eul3,786,786
TA_dys,311,311
TA_eul1,146,146
TA_eul2,250,250
TA_eul3,1883,1883
TA_kon,97,97
TB_eul1,164,164
TB_eul2,138,138
TB_eul3,367,367
TC_eul3,212,212
TC_kon,564,564
TD_kon,398,398
TE_agr,180,180
TE_dys,535,535
TE_eul1,4543,4543
TE_eul2,1754,1754
TE_eul3,5952,5952
TF_allo,109,109
TF_agr,372,372
TF_dys,357,357
TF_eul1,1729,1729
TF_eul2,105,105
TG_allo,417,417
TG_agr,1317,1317
TG_dys,1371,1371
