scope,n,spearman_rho_unconf_vs_variability,spearman_rho_unconf_vs_variability_robustIQR,spearman_rho_unconf_vs_absmisfit,spearman_rho_unconf_vs_signedmisfit
all valid cortex,58731,0.04497641176198554,0.019082431786297743,0.05711935672708289,-0.1366813314765226
allocortex-excluded (types 2-7),57952,0.01512842943233522,-0.010883352379036301,0.032326308521792656,-0.13705166589918805
type 1 (Allocortex),779,0.6169897399569239,0.48462124042886545,0.13287889163661878,0.3838808719811352
type 2 (agranular),2266,0.3193203333749013,0.37148094513119084,0.05741201459578836,0.2821030308523912
type 3 (dysgranular),5004,0.09450538581307459,0.1193150935547433,-0.14233200955280229,0.2177922053363863
type 4 (eulaminate I),11354,0.10939561211877072,0.0780444066445722,0.17184608296073894,-0.1127144076003889
type 5 (eulaminate II),18286,0.04861159260505725,0.055139367413589525,0.03296674670695362,0.12319065663846591
type 6 (eulaminate III),17387,-0.29047001868383476,-0.2693677131894273,-0.15002242071434682,-0.373852486128956
type 7 (koniocortex),3655,-0.3196541293510027,-0.19680711785145236,0.06362521601173447,-0.16393270255688352
