hemi,parcel,RORB,CUX2,FEZF2,FOXP2,TLE4
l,bankssts,0.8408523831851703,0.7955379197654372,0.6075083494367104,0.6445809999558461,0.5285072285381169
l,caudalanteriorcingulate,0.6305135838426422,0.5837000943436953,0.6959717795567556,0.40858099165267314,0.5218275890586915
l,caudalmiddlefrontal,0.7837016733308033,0.7642527110591497,0.6152001662420548,0.5724922946188028,0.49158340117112403
l,cuneus,0.9156531765230815,0.8673682096112276,0.5777451292599706,0.6754044052320891,0.511122116403801
l,entorhinal,0.6347245318865886,0.732678108229103,0.6929317726017803,0.39357354315333215,0.5027943938511137
l,fusiform,0.7946555236347365,0.7908124273536453,0.6382950430275389,0.6197823002549808,0.4646606081381134
l,inferiorparietal,0.8706332630179855,0.8073424341634666,0.6132026223003011,0.6742426349610623,0.5093038420524154
l,inferiortemporal,0.8248393750820984,0.7784374553643076,0.6237620899814049,0.650107585373623,0.47522164345514983
l,isthmuscingulate,0.8054083021834219,0.7419508362167417,0.6977310454802279,0.6002482169145877,0.6134703419536465
l,lateraloccipital,0.9072885025239034,0.8529528788566083,0.5814300741463202,0.6649628599888395,0.5385897371055252
l,lateralorbitofrontal,0.7759248680116252,0.779052182780978,0.5913721512070615,0.6140871135136408,0.4793554956431212
l,lingual,0.9056943461278875,0.868230398829158,0.5896980307876978,0.6613922632514201,0.5975433989097703
l,medialorbitofrontal,0.7760170187036952,0.7681876238397479,0.6133848345541003,0.6208707744544087,0.45827664037274707
l,middletemporal,0.8186984207541045,0.7778805275865766,0.6068680292575465,0.6514033195674902,0.4892111428415527
l,parahippocampal,0.7268341887239279,0.7613070422817131,0.6926352889669849,0.5465254134458875,0.5410744299516688
l,paracentral,0.7696775333712826,0.7411630981361427,0.6793118760420706,0.587353198655704,0.4844286099948717
l,parsopercularis,0.7607741036860404,0.7582984654924888,0.6193569344146969,0.6157269611046692,0.5382074091252118
l,parsorbitalis,0.8277674767644113,0.7556178413163831,0.5958957813016241,0.6377614808493217,0.5277080666849512
l,parstriangularis,0.8008292684338046,0.7776413788022668,0.5938680298543765,0.6563421901200505,0.5971698944929482
l,pericalcarine,0.9640152376660203,0.8903020425457872,0.5616356714151127,0.6843815358485787,0.6478332420944949
l,postcentral,0.862925872727532,0.7966727485217096,0.6151880315110101,0.6521143885229698,0.580208281002823
l,posteriorcingulate,0.7317172477731372,0.7254559907519497,0.7032860347265474,0.5624047659184535,0.600047980377894
l,precentral,0.7558521405290692,0.7454774763316336,0.6495977889713738,0.5563168870098391,0.5160250211068153
l,precuneus,0.8494948921976955,0.8012382605833007,0.6145888863763587,0.6117184522825679,0.5032556765796843
l,rostralanteriorcingulate,0.7204858263566016,0.7313265001320108,0.6825516531123383,0.5154825229097056,0.4660055294668073
l,rostralmiddlefrontal,0.8103072128897013,0.7918784001976815,0.5842670970971875,0.6060635387580308,0.4792413155066784
l,superiorfrontal,0.7743323248525663,0.749351139969044,0.6449457240828138,0.5700597825534869,0.5314714588246521
l,superiorparietal,0.8787657443630449,0.8146091294696024,0.5919974071714502,0.6383077910261228,0.43917659803699943
l,superiortemporal,0.8152746886460637,0.7844115592744922,0.6186674982005534,0.62569170519009,0.45690492921087894
l,supramarginal,0.8502712690381695,0.7955694564358982,0.6117485454236397,0.6215373380725195,0.4617675030828131
l,frontalpole,0.7863147543734426,0.7995114404425882,0.5646206738477952,0.5721154115758923,0.4319180837600901
l,temporalpole,0.7241465191431381,0.7723810972111813,0.6272237586868691,0.5237964920252034,0.27111502126689324
l,transversetemporal,0.8879914477912367,0.8258884379720641,0.6280657211166293,0.6410713879455623,0.6352724532263285
l,insula,0.7596422436750798,0.7449414601778852,0.6259027388456531,0.5949285266280312,0.4786928491876304
r,bankssts,0.8425948995103759,0.7930348389518957,0.6129984694763888,0.6485940349810694,0.5312335059601858
r,caudalanteriorcingulate,0.6285625479651918,0.5801745103733462,0.6977347933537359,0.408296978338109,0.5263660412668052
r,caudalmiddlefrontal,0.7806306046311798,0.7613409533419551,0.6178747950803336,0.5682779576137131,0.48077262681137023
r,cuneus,0.9223352133601658,0.867846419974166,0.5882447738127647,0.6799591566366334,0.5228588115116192
r,entorhinal,0.6323603300115059,0.7259444369397323,0.6965097447911721,0.3872673134978852,0.5492167421346162
r,fusiform,0.7986279586516709,0.7892875413381713,0.6363216688706059,0.6248524281421252,0.43732493194715233
r,inferiorparietal,0.8682725805449951,0.8037813151117532,0.6097465515150203,0.6738114346370954,0.5143627329375898
r,inferiortemporal,0.8256596722890632,0.7774360560644257,0.62407922426221,0.6451822286578826,0.4809064396669955
r,isthmuscingulate,0.8080232438898168,0.7658695432830973,0.6919573832105596,0.5727429449911856,0.5737171355804818
r,lateraloccipital,0.9117092962169409,0.8567489678467372,0.5822125424413348,0.6624540284447912,0.5410545727428169
r,lateralorbitofrontal,0.7748219158042966,0.7842960434408257,0.5874781438161155,0.613452400243231,0.4685375934639204
r,lingual,0.904631720313829,0.8660993514394875,0.5918193501006567,0.6640012592355932,0.5988988897042449
r,medialorbitofrontal,0.7719807073784685,0.7643593507144764,0.618941301271405,0.6132036919571944,0.4619025307082746
r,middletemporal,0.8198517275840329,0.7814536134533611,0.6075733483869034,0.6533249086093843,0.48486499384703113
r,parahippocampal,0.7209615176761589,0.7362413013818165,0.7049006827080107,0.5605692748789673,0.5912254891126136
r,paracentral,0.7685349946828521,0.7368318157057897,0.6785524193583901,0.5830447231062962,0.48486533129003656
r,parsopercularis,0.7543167902352239,0.7641628360332038,0.6205568077576171,0.6013056807467536,0.518997505586128
r,parsorbitalis,0.8126611937726146,0.7548098220578884,0.5968624024383316,0.6630795017664901,0.5077955119577424
r,parstriangularis,0.7997382878189967,0.7757567066196238,0.5921852430086103,0.6435974331381662,0.5863388750330619
r,pericalcarine,0.9675092970905832,0.8657350624180561,0.574851619999593,0.6877914001521828,0.6496807832554377
r,postcentral,0.8624943351746645,0.7977612648364489,0.6122503023861146,0.6528877454410102,0.5764306739747888
r,posteriorcingulate,0.7342226748978911,0.7312050253296412,0.6990088613553413,0.554669279091743,0.5943167745613583
r,precentral,0.7518330596324371,0.7456291508197219,0.6501959592403794,0.5525413290802135,0.5195287031301729
r,precuneus,0.850895943298287,0.8037691539185673,0.6157923601482895,0.6089429465824938,0.5071734175706021
r,rostralanteriorcingulate,0.6869302407275234,0.7156383947582301,0.7028009850068068,0.4959779421722928,0.4533764340065877
r,rostralmiddlefrontal,0.8101608106666692,0.7929637907921478,0.5812842452851033,0.6073082864680635,0.48781940932873125
r,superiorfrontal,0.775415485955169,0.7516231021801902,0.6452798981246419,0.5736151928600379,0.5342975669523486
r,superiorparietal,0.8748364558290641,0.811039773824741,0.5928955745661458,0.6366114488964516,0.4429251949367371
r,superiortemporal,0.8191213843535483,0.7873913318404246,0.6173621306867825,0.6271306957240375,0.45439122309728325
r,supramarginal,0.8527409880113301,0.7907775312389488,0.6155001290632494,0.6293430656639556,0.47441838918904394
r,frontalpole,0.7861600094198116,0.7911380072499317,0.5638084005015094,0.5847012322369622,0.459887273577767
r,temporalpole,0.7099000077780032,0.7692720985098596,0.6184390910233338,0.503303047735262,0.26865121982434703
r,transversetemporal,0.8781702981434206,0.8134819959867496,0.6364118832069698,0.6351805256316485,0.6464615051768382
r,insula,0.7502373942435258,0.7453437781150948,0.6250099150122097,0.584175226860202,0.48037937315837587
