Category,Tract_Name,source_type,target_type,source_ord,target_ord,type_distance,streamline_count,mean_length_mm,mean_tortuosity,contact_area_mm2,area_source_mm2,area_target_mm2,n_vertices_source,n_vertices_target,possible_endpoint_pairs,geodesic_centroid_mm,geodesic_footprint_mm,log_offset,log_contact_area,is_commissural,pairs_within_40mm,log_pairs_within_40mm,pairs_within_80mm,log_pairs_within_80mm,pairs_within_120mm,log_pairs_within_120mm,nn_eucl_median_mm,nn_eucl_p10_mm,nn_geo_median_mm,log_offset_endpoint_pairs
aggregate,Allocortex|Agranular,Allocortex,Agranular,1,2,1,101,,,1736.0,,,7340,15384,112918560.0,27.688056529700724,18.339850085551195,18.542177408877176,7.459914766241105,0.0,34408206.0,17.35380564040756,112131741.0,18.535184996937414,112918560.0,18.542177408877176,7.2207530986240736,1.6700666472662316,10.740335332760539,18.542177408877176
aggregate,Allocortex|Dysgranular,Allocortex,Dysgranular,1,3,2,57,,,0.0,,,7340,26310,193115400.0,59.9818830083861,27.925881965684923,19.0787984956429,0.0,0.0,38845744.0,17.47510907922739,176465231.0,18.988634423430835,193115400.0,19.0787984956429,15.0018129975091,7.0069957484267915,23.445823030191743,19.0787984956429
aggregate,Allocortex|Eulaminate-I,Allocortex,Eulaminate-I,1,4,3,0,,,0.0,,,7340,57124,419290160.0,68.94718481984316,50.06993810353758,19.854073744181385,0.0,0.0,40084626.0,17.506503427242283,237285198.0,19.284773342722175,417849862.0,19.85063274414961,34.71769174344098,13.771923556699079,56.71559535199367,19.854073744181385
aggregate,Allocortex|Eulaminate-II,Allocortex,Eulaminate-II,1,5,4,15,,,0.0,,,7340,91441,671176940.0,73.95675961300498,60.41255657195299,20.32454335615044,0.0,0.0,19281248.0,16.774643575342214,257948057.0,19.368268793159032,669059420.0,20.32138343328135,45.72424761756785,23.03572095077417,81.50754711772846,20.32454335615044
aggregate,Allocortex|Eulaminate-III,Allocortex,Eulaminate-III,1,6,5,0,,,0.0,,,7340,88368,648621120.0,91.33775261923661,60.94069775783749,20.29035931374953,0.0,0.0,33617047.0,17.33054384746481,241868259.0,19.30390375159251,646155552.0,20.286550825330657,44.90400509272682,20.417660792348933,77.14611691211243,20.29035931374953
aggregate,Allocortex|Koniocortex,Allocortex,Koniocortex,1,7,6,0,,,0.0,,,7340,19005,139496700.0,87.58222389791395,70.4107708124724,18.75355150303191,0.0,0.0,4198117.0,15.250146649388826,51743025.0,17.761800198417063,139096267.0,18.750676819725506,42.97994987149197,25.076330210716968,65.740335533346,18.75355150303191
aggregate,Agranular|Dysgranular,Agranular,Dysgranular,2,3,1,659,,,4728.0,,,15384,26310,404753040.0,54.264383997499834,7.91004083329342,19.818787661302952,8.461469042643875,0.0,97378294.0,18.394113889567627,346643303.0,19.663806863968116,404753040.0,19.818787661302952,4.92323778398595,1.2725229030467178,6.501332551060727,19.818787661302952
aggregate,Agranular|Eulaminate-I,Agranular,Eulaminate-I,2,4,2,603,,,0.0,,,15384,57124,878795616.0,65.73612508670136,33.07313882684073,20.59406290984144,0.0,0.0,114428325.0,18.555459202416948,513332388.0,20.056434123143703,866517783.0,20.57999318970219,16.963386128567333,7.795006122928596,25.947065186855866,20.59406290984144
aggregate,Agranular|Eulaminate-II,Agranular,Eulaminate-II,2,5,3,241,,,0.0,,,15384,91441,1406728344.0,70.34817871794486,44.7120370280374,21.06453252181049,0.0,0.0,98018399.0,18.400665763910936,705525132.0,20.3744529515851,1376653755.0,21.042921576272636,25.84830228677868,15.909630107039304,50.29191634538261,21.06453252181049
aggregate,Agranular|Eulaminate-III,Agranular,Eulaminate-III,2,6,4,41,,,0.0,,,15384,88368,1359453312.0,89.74482952848018,55.80360665928395,21.030348479409586,0.0,0.0,46443466.0,17.653746345945255,618123672.0,20.24219911190618,1300767329.0,20.986220180359997,34.10724742325938,18.18205476172819,62.28592391385224,21.030348479409586
aggregate,Agranular|Koniocortex,Agranular,Koniocortex,2,7,5,0,,,0.0,,,15384,19005,292372920.0,85.96154715744069,68.44462079280663,19.493540668691963,0.0,0.0,7935598.0,15.88686927142189,136421101.0,18.731256990822406,282022336.0,19.457496831439542,38.49463314571342,23.912974542620923,70.00549133748831,19.493540668691963
aggregate,Dysgranular|Eulaminate-I,Dysgranular,Eulaminate-I,3,4,1,306,,,4350.0,,,26310,57124,1502932440.0,20.197026300425016,22.836940505995305,21.13068399660716,8.37816098272068,0.0,168176507.0,18.940524622739616,919109047.0,20.638915331604885,1466526404.0,21.106162450992965,9.177510107187533,1.8270840628891585,11.916513947657139,21.13068399660716
aggregate,Dysgranular|Eulaminate-II,Dysgranular,Eulaminate-II,3,5,2,38,,,0.0,,,26310,91441,2405812710.0,23.97015689650552,32.108761641104515,21.601153608576215,0.0,0.0,262116965.0,19.38430139340228,1341803661.0,21.017280561513843,2314141010.0,21.562304401631362,17.059249572897524,8.412258534282678,33.14775012139489,21.601153608576215
aggregate,Dysgranular|Eulaminate-III,Dysgranular,Eulaminate-III,3,6,3,30,,,0.0,,,26310,88368,2324962080.0,52.98154925341811,41.389132083820314,21.566969566175306,0.0,0.0,199995199.0,19.113803919224186,1232407421.0,20.932235346252558,2185804741.0,21.505249900204404,23.401237441532988,11.157328689577898,45.25805063976451,21.566969566175306
aggregate,Dysgranular|Koniocortex,Dysgranular,Koniocortex,3,7,4,0,,,0.0,,,26310,19005,500021550.0,49.75628977519715,54.67614735865536,20.030161755457687,0.0,0.0,49606557.0,17.71963358053847,270863234.0,19.417124579867693,476299743.0,19.981557926195045,27.213927034454787,15.590307740989873,52.634581558405685,20.030161755457687
aggregate,Eulaminate-I|Eulaminate-II,Eulaminate-I,Eulaminate-II,4,5,1,371,,,9024.0,,,57124,91441,5223475684.0,5.5178320498710995,11.145503651810344,22.3764288571147,9.107753783201082,0.0,631572726.0,20.263723657019455,2397967966.0,21.597887534830313,4697242385.0,22.270241446875275,7.6074263440686325,1.6395592677922304,9.416397215104382,22.3764288571147
aggregate,Eulaminate-I|Eulaminate-III,Eulaminate-I,Eulaminate-III,4,6,2,74,,,5.0,,,57124,88368,5047933632.0,35.20599889920693,28.26577183390438,22.342244814713794,1.791759469228055,0.0,437536805.0,19.89667138593786,2337384199.0,21.572298277365185,4603539709.0,22.250091346483146,16.630831012355273,6.825640240599758,27.334199675002296,22.342244814713794
aggregate,Eulaminate-I|Koniocortex,Eulaminate-I,Koniocortex,4,7,3,0,,,0.0,,,57124,19005,1085641620.0,31.95251312854647,52.2544322153184,20.805437003996172,0.0,0.0,77066640.0,18.160181060073565,550615295.0,20.126546929073736,1005110020.0,20.728362845102573,26.793585920660988,15.260137596321432,57.77922765230323,20.805437003996172
aggregate,Eulaminate-II|Eulaminate-III,Eulaminate-II,Eulaminate-III,5,6,1,1142,,,7277.0,,,91441,88368,8080458288.0,29.944845626457578,14.984501820980698,22.812714426682845,8.892611378172106,0.0,928767856.0,20.64936937965261,4060899978.0,22.124670455453135,7344916836.0,22.717274323975815,9.48178434764234,2.125760091227339,12.810235298086416,22.812714426682845
aggregate,Eulaminate-II|Koniocortex,Eulaminate-II,Koniocortex,5,7,2,23,,,0.0,,,91441,19005,1737836205.0,26.62809583933342,38.828674246549575,21.275906615965226,0.0,0.0,217957238.0,19.19980944554896,949810248.0,20.671772783661012,1606586010.0,21.197377273835873,22.188153093687298,10.71082594119055,40.60454532669623,21.275906615965226
aggregate,Eulaminate-III|Koniocortex,Eulaminate-III,Koniocortex,6,7,1,19,,,3808.0,,,88368,19005,1679433840.0,4.501507097540516,12.36068020572982,21.241722573564317,8.245121966478605,0.0,352743256.0,19.681251030158663,991894367.0,20.715127174700196,1650077034.0,21.224087811041812,7.695978374610276,2.0919731907750716,12.630764562044199,21.241722573564317
