manuscript_location,quantity,manuscript_value,csv_value,csv_source,verdict,is_discrepancy
"section 3.5, Fig. 4 caption, Fig. 6",T1w/T2w myelin rho,+0.58,+0.5894,functional_summary_table_v9.csv,"rounds to +0.59, not +0.58",True
section 3.5,cortical thickness q,0.009,0.0060,functional_summary_table_v9.csv,"manuscript states q ~ 0.009; the released table gives 0.006, which is also what the abstract's 'all q <~ 0.006' implies",True
section 3.5,myelin rho excluding vs including agranular,0.62 vs 0.60,0.62 vs 0.60 (dysgranular-to-koniocortex vs agranular included),REPORT.md analysis 4 / sensitivity_exclusions.csv,consistent,False
"section 3.6, Annex F",int_area q,0.014,0.0140 single-member / 0.0280 as coded,meg_dynamics_v2_summary_fdr_singlemember.csv vs meg_dynamics_v2_summary.csv,both exist; the single-member recompute is the operative family per section 2.6 and the manuscript uses it,True
section 3.6,spectral centroid q,0.014,0.0140 single-member / 0.0280 as coded,meg_dynamics_v2_summary_fdr_singlemember.csv,as above,True
section 3.6,slow/fast ratio q,0.021,0.0210 single-member / 0.0280 as coded,meg_dynamics_v2_summary_fdr_singlemember.csv,as above,True
section 3.6,aperiodic-corrected beta q,0.021,0.0210 single-member / 0.0280 as coded,meg_dynamics_v2_summary_fdr_singlemember.csv,as above,True
Annex F,timescale variants reported outside the family,outside the family,outside the family in the single-member CSV; inside dynamics_core in the as-coded CSV,meg_dynamics_v2_summary_fdr_singlemember.csv,Annex F is correct with respect to the operative single-member family. The RR2 spec's premise that Annex F is wrong holds only against the superseded as-coded table,True
"section 3.6, Annex F, Table S3",aperiodic-corrected delta and gamma power are treated as informative nulls,reported as null results alongside the other band powers,"the maps are near-constant: osc_delta is nonzero at 0.2% of subject-vertices and constant within 56 of 89 subjects, osc_gamma1 nonzero at 3.0% and constant within 4 of 89",figures/v9/review_response/rr5_meg_controls/degeneracy_diagnostics.csv,"specparam is fitted over 2-40 Hz, so a delta peak sits at the edge of the fit range and gamma (30-60 Hz) mostly outside it; these two rows are uninformative rather than reliable nulls and should be described as not estimable, not as null effects",True
section 3.3 (line 333),off-by-2-or-more win fraction,74.4%,74.33%,added_value_localized.csv (aggregate of myelin/thickness/gradient),the released REPORT_v9.md already says 74.3%; 74.4% is a rounding slip repeated twice in the same sentence,True
section 3.3 (line 333),"cyto7 vs area-level whole-cortex |rho|, myelin",0.59 vs 0.50,0.6082 vs 0.4918,added_value_global.csv,"the quoted 0.59 is the nine-feature-panel value from functional_summary_table_v9.csv, which uses a different mask from the added-value comparison it is quoted inside; the two numbers in the sentence come from two different vertex sets",True
section 3.3 (line 333),"cyto7 vs area-level whole-cortex |rho|, thickness",0.50 vs 0.42,0.5090 vs 0.4130,added_value_global.csv,same mask mismatch; the released added-value values round to 0.51 vs 0.41,True
"section 3.7, Fig. 5 caption",short-range slope,-1.23,-1.2306,tractography_null.csv,consistent,False
section 3.7,contact area vs short-range connectivity r,+0.58,+0.5754,tractography_null.csv,consistent,False
section 3.7,partial r given contact area,-0.64 (p = 0.002),-0.6358 (p = 0.0019),tractography_null.csv,consistent,False
section 3.7,per-type short-range degree per area rho,-0.89 (p = 0.01),-0.8929 (p = 0.0123),per_type_connectivity_trends.csv,consistent,False
section 3.8,"four surviving receptor maps, all q",0.043,0.0427,receptor_type_association.csv,consistent,False
section 3.8,ionotropic-to-metabotropic index,+0.43 (q = 0.016),+0.4263 (q = 0.0160),receptor_composites.csv,consistent,False
"section 3.8, Fig. 6 caption",number of surviving measures in Fig. 6,six,26 tests have q < 0.05 across all families (31 including the disease family),this table,true only under an unstated de-duplication rule; RR3 states the rule in the figure and reports ten,True
Fig. 6 caption,RORB omitted from Fig. 6,not shown,"+0.7761 (q = 0.005 under the section 2.6 convention, RR13), the strongest measure in the paper",layer_marker_genes.csv + rr13_pvalues/layer_marker_corrected.csv,RR3 adds it,True
