measure,key,family,n_family,status,predicted_direction,unit,n_obs,null,effect,effect_value,p_raw,q,survives,source_file,notes,rho_median_subject_meg,frac_subjects_predicted_sign_meg,rho_allocortex_excluded_meg,spin_p_allocortex_excluded_meg
T1w/T2w myelin,myelin,structure_function_9,9,confirmatory,rise (fixed in advance),vertex (32k fs_LR),58731,"vertex spin (N=1000, seed 0)",Spearman rho = +0.5894,0.5894,0.0009990009990009,0.0044955044955044,yes,figures/v9/structure_function/functional_summary_table_v9.csv,group-average map; allocortex included in the reported rho (allocortex-excluded variant in sensitivity_exclusions.csv),,,,
Cortical thickness,thickness,structure_function_9,9,confirmatory,fall (fixed in advance),vertex (32k fs_LR),58731,"vertex spin (N=1000, seed 0)",Spearman rho = -0.5018,-0.5018,0.0019980019980019,0.0059940059940059,yes,figures/v9/structure_function/functional_summary_table_v9.csv,group-average map; allocortex included in the reported rho (allocortex-excluded variant in sensitivity_exclusions.csv),,,,
Intrinsic timescale,timescale,structure_function_9,9,confirmatory,fall (fixed in advance),vertex (32k fs_LR),58731,"vertex spin (N=1000, seed 0)",Spearman rho = -0.4848,-0.4848,0.0459540459540459,0.1033966033966033,no,figures/v9/structure_function/functional_summary_table_v9.csv,group-average map; allocortex included in the reported rho (allocortex-excluded variant in sensitivity_exclusions.csv),,,,
Delta power (0.5-4 Hz),delta,structure_function_9,9,confirmatory,fall (fixed in advance),vertex (32k fs_LR),58731,"vertex spin (N=1000, seed 0)",Spearman rho = -0.4427,-0.4427,0.1098901098901098,0.1978021978021978,no,figures/v9/structure_function/functional_summary_table_v9.csv,group-average map; allocortex included in the reported rho (allocortex-excluded variant in sensitivity_exclusions.csv),,,,
Theta power (4-8 Hz),theta,structure_function_9,9,confirmatory,fall (fixed in advance),vertex (32k fs_LR),58731,"vertex spin (N=1000, seed 0)",Spearman rho = -0.1777,-0.1777,0.6233766233766234,0.6233766233766234,no,figures/v9/structure_function/functional_summary_table_v9.csv,group-average map; allocortex included in the reported rho (allocortex-excluded variant in sensitivity_exclusions.csv),,,,
Alpha power (8-12 Hz),alpha,structure_function_9,9,confirmatory,none (fixed in advance),vertex (32k fs_LR),58731,"vertex spin (N=1000, seed 0)",Spearman rho = +0.3692,0.3692,0.2567432567432567,0.3712002283430854,no,figures/v9/structure_function/functional_summary_table_v9.csv,group-average map; allocortex included in the reported rho (allocortex-excluded variant in sensitivity_exclusions.csv),,,,
Beta power (12-30 Hz),beta,structure_function_9,9,confirmatory,rise (fixed in advance),vertex (32k fs_LR),58731,"vertex spin (N=1000, seed 0)",Spearman rho = +0.2660,0.266,0.4155844155844156,0.4675324675324676,no,figures/v9/structure_function/functional_summary_table_v9.csv,group-average map; allocortex included in the reported rho (allocortex-excluded variant in sensitivity_exclusions.csv),,,,
Gamma power (30-60 Hz),gamma,structure_function_9,9,confirmatory,rise (fixed in advance),vertex (32k fs_LR),58731,"vertex spin (N=1000, seed 0)",Spearman rho = -0.3082,-0.3082,0.2887112887112887,0.3712002283430854,no,figures/v9/structure_function/functional_summary_table_v9.csv,group-average map; allocortex included in the reported rho (allocortex-excluded variant in sensitivity_exclusions.csv),,,,
Principal functional gradient,gradient,structure_function_9,9,confirmatory,fall (fixed in advance),vertex (32k fs_LR),58731,"vertex spin (N=1000, seed 0)",Spearman rho = -0.5761,-0.5761,0.0009990009990009,0.0044955044955044,yes,figures/v9/structure_function/functional_summary_table_v9.csv,group-average map; allocortex included in the reported rho (allocortex-excluded variant in sensitivity_exclusions.csv),,,,
AHBA gene expression PC1,genepc1,external_reference_3,3,confirmatory,rise (fixed in advance),vertex (32k fs_LR),57957,"vertex spin (N=1000, seed 0)",Spearman rho = +0.6657,0.6657,0.0009990009990009,0.0029970029970029,yes,figures/v9/structure_function/external_validation_table.csv,"gene PC1 from AHBA (abagen, 6 donors, fsaverage 10k -> 32k); BigBrain is a single specimen",,,,
PET receptor PC1 (Hansen-2022 collection),receptorpc1,external_reference_3,3,confirmatory,fall (fixed in advance),vertex (32k fs_LR),58731,"vertex spin (N=1000, seed 0)",Spearman rho = -0.3292,-0.3292,0.0629370629370629,0.0944055944055944,no,figures/v9/structure_function/external_validation_table.csv,PC1 of the 19 Hansen-2022 PET maps,,,,
"BigBrain profile skewness (pre-registered, histology)",bigbrain_profile_skewness,external_reference_3,3,confirmatory,fall (pre-registered),vertex (32k fs_LR),58731,"vertex spin (N=1000, seed 0)",Spearman rho = -0.2091,-0.2091,0.3206793206793207,0.4008491508491508,no,figures/v9/structure_function/external_validation_table.csv,"gene PC1 from AHBA (abagen, 6 donors, fsaverage 10k -> 32k); BigBrain is a single specimen",,,,
"Aperiodic exponent (fixed, 2-40 Hz, pre-registered)",exponent_fixed,dynamics_singlemember_7,7,confirmatory,fall (fixed in advance),subject (N=89) x vertex (4k fs_LR),89 subjects x 8004 vertices,"hierarchical subject x vertex spin (N=1000, seed 0)",mean over 89 subjects of the per-subject vertex-level Spearman rho = -0.1192,-0.1192,0.4985014985014985,0.5816,no,figures/v9/structure_function/meg_dynamics_v2_summary_fdr_singlemember.csv,as-coded family dynamics_core (q=0.5816); single-member recompute is the operative family per section 2.6,-0.1292291448248007,0.797752808988764,-0.1011303134120357,0.5634365634365635
Peak frequency,peak_freq,dynamics_singlemember_7,7,confirmatory,rise,subject (N=89) x vertex (4k fs_LR),89 subjects x 8004 vertices,"hierarchical subject x vertex spin (N=1000, seed 0)",mean over 89 subjects of the per-subject vertex-level Spearman rho = +0.0280,0.028,0.8241758241758241,0.8242,no,figures/v9/structure_function/meg_dynamics_v2_summary_fdr_singlemember.csv,as-coded family dynamics_core (q=0.8242); single-member recompute is the operative family per section 2.6,0.0208027941224615,0.5393258426966292,0.0194650481039052,0.8781218781218781
Spectral offset,offset,dynamics_singlemember_7,7,confirmatory,none,subject (N=89) x vertex (4k fs_LR),89 subjects x 8004 vertices,"hierarchical subject x vertex spin (N=1000, seed 0)",mean over 89 subjects of the per-subject vertex-level Spearman rho = -0.1618,-0.1618,0.2127872127872128,0.2979,no,figures/v9/structure_function/meg_dynamics_v2_summary_fdr_singlemember.csv,as-coded family dynamics_core (q=0.2979); single-member recompute is the operative family per section 2.6,-0.1663687303984153,,-0.146657689110691,0.2477522477522477
Intrinsic timescale (knee-derived),knee_tau,dynamics_robustness_variants (outside FDR),5,robustness,fall,subject (N=89) x vertex (4k fs_LR),89 subjects x 8004 vertices,"hierarchical subject x vertex spin (N=1000, seed 0)",mean over 89 subjects of the per-subject vertex-level Spearman rho = -0.3434,-0.3434,0.0269730269730269,,"raw p < 0.05, outside FDR",figures/v9/structure_function/meg_dynamics_v2_summary_fdr_singlemember.csv,as-coded family dynamics_core (q=0.0472); single-member recompute is the operative family per section 2.6,-0.3841328089961084,0.9438202247191012,-0.330681736222652,0.0339660339660339
Intrinsic timescale (1/e lag),int_1e,dynamics_robustness_variants (outside FDR),5,robustness,fall,subject (N=89) x vertex (4k fs_LR),89 subjects x 8004 vertices,"hierarchical subject x vertex spin (N=1000, seed 0)",mean over 89 subjects of the per-subject vertex-level Spearman rho = -0.3147,-0.3147,0.0249750249750249,,"raw p < 0.05, outside FDR",figures/v9/structure_function/meg_dynamics_v2_summary_fdr_singlemember.csv,as-coded family dynamics_core (q=0.0472); single-member recompute is the operative family per section 2.6,-0.3251750822383775,0.9775280898876404,-0.2979869646198258,0.0399600399600399
"Intrinsic timescale (area under the ACF, pre-registered)",int_area,dynamics_singlemember_7,7,confirmatory,fall (fixed in advance),subject (N=89) x vertex (4k fs_LR),89 subjects x 8004 vertices,"hierarchical subject x vertex spin (N=1000, seed 0)",mean over 89 subjects of the per-subject vertex-level Spearman rho = -0.4592,-0.4592,0.0039960039960039,0.014,yes,figures/v9/structure_function/meg_dynamics_v2_summary_fdr_singlemember.csv,as-coded family dynamics_core (q=0.0280); single-member recompute is the operative family per section 2.6,-0.471195242338087,1.0,-0.4509635688241268,0.0049950049950049
Intrinsic timescale (exponential decay),int_tau,dynamics_robustness_variants (outside FDR),5,robustness,fall,subject (N=89) x vertex (4k fs_LR),89 subjects x 8004 vertices,"hierarchical subject x vertex spin (N=1000, seed 0)",mean over 89 subjects of the per-subject vertex-level Spearman rho = -0.3797,-0.3797,0.0129870129870129,,"raw p < 0.05, outside FDR",figures/v9/structure_function/meg_dynamics_v2_summary_fdr_singlemember.csv,as-coded family dynamics_core (q=0.0455); single-member recompute is the operative family per section 2.6,-0.3768568291399275,1.0,-0.36084359761611,0.0219780219780219
Aperiodic exponent (knee mode),exponent_knee,dynamics_robustness_variants (outside FDR),5,robustness,fall,subject (N=89) x vertex (4k fs_LR),89 subjects x 8004 vertices,"hierarchical subject x vertex spin (N=1000, seed 0)",mean over 89 subjects of the per-subject vertex-level Spearman rho = +0.3388,0.3388,0.0399600399600399,,"raw p < 0.05, outside FDR",figures/v9/structure_function/meg_dynamics_v2_summary_fdr_singlemember.csv,as-coded family dynamics_robust (q=0.0799); single-member recompute is the operative family per section 2.6,0.3581031277608641,0.0337078651685393,0.3298501610568168,0.0469530469530469
Aperiodic exponent (broadband 1-100 Hz),exponent_broad,dynamics_robustness_variants (outside FDR),5,robustness,fall,subject (N=89) x vertex (4k fs_LR),89 subjects x 8004 vertices,"hierarchical subject x vertex spin (N=1000, seed 0)",mean over 89 subjects of the per-subject vertex-level Spearman rho = +0.0954,0.0954,0.4685314685314685,,no,figures/v9/structure_function/meg_dynamics_v2_summary_fdr_singlemember.csv,as-coded family dynamics_robust (q=0.4685); single-member recompute is the operative family per section 2.6,0.0968018405029524,0.1797752808988764,0.0885957616484175,0.5114885114885115
Aperiodic-corrected delta power,osc_delta,osc_band_as_coded,4,exploratory,fall,subject (N=89) x vertex (4k fs_LR),89 subjects x 8004 vertices,"hierarchical subject x vertex spin (N=1000, seed 0)",mean over 89 subjects of the per-subject vertex-level Spearman rho = -0.0298,-0.0298,0.2837162837162837,0.3972027972027972,no,figures/v9/structure_function/meg_dynamics_v2_summary.csv,"as-coded family osc_band (q=0.3972); single-member recompute is the operative family per section 2.6; NEAR-CONSTANT MAP, effect not estimable (see RR5 degeneracy_diagnostics.csv)",-0.0112209557947949,0.9393939393939394,-0.0293396734694172,0.2947052947052947
Aperiodic-corrected theta power,osc_theta,osc_band_as_coded,4,exploratory,fall,subject (N=89) x vertex (4k fs_LR),89 subjects x 8004 vertices,"hierarchical subject x vertex spin (N=1000, seed 0)",mean over 89 subjects of the per-subject vertex-level Spearman rho = -0.0923,-0.0923,0.4925074925074925,0.5745920745920746,no,figures/v9/structure_function/meg_dynamics_v2_summary.csv,as-coded family osc_band (q=0.5746); single-member recompute is the operative family per section 2.6,-0.1047719471495349,0.7415730337078652,-0.0981383270504425,0.4645354645354645
Aperiodic-corrected alpha power,osc_alpha,osc_band_as_coded,4,exploratory,none,subject (N=89) x vertex (4k fs_LR),89 subjects x 8004 vertices,"hierarchical subject x vertex spin (N=1000, seed 0)",mean over 89 subjects of the per-subject vertex-level Spearman rho = +0.2602,0.2602,0.2417582417582417,0.3972027972027972,no,figures/v9/structure_function/meg_dynamics_v2_summary.csv,as-coded family osc_band (q=0.3972); single-member recompute is the operative family per section 2.6,0.2688551459423408,,0.2633411447530705,0.2397602397602397
Aperiodic-corrected beta power,osc_beta,dynamics_singlemember_7,7,confirmatory,rise,subject (N=89) x vertex (4k fs_LR),89 subjects x 8004 vertices,"hierarchical subject x vertex spin (N=1000, seed 0)",mean over 89 subjects of the per-subject vertex-level Spearman rho = +0.2222,0.2222,0.0119880119880119,0.021,yes,figures/v9/structure_function/meg_dynamics_v2_summary_fdr_singlemember.csv,as-coded family osc_band (q=0.0280); single-member recompute is the operative family per section 2.6,0.227782193344218,0.898876404494382,0.2149934765442518,0.0169830169830169
Aperiodic-corrected gamma power,osc_gamma1,osc_band_as_coded,4,exploratory,rise,subject (N=89) x vertex (4k fs_LR),89 subjects x 8004 vertices,"hierarchical subject x vertex spin (N=1000, seed 0)",mean over 89 subjects of the per-subject vertex-level Spearman rho = -0.0273,-0.0273,0.5914085914085914,0.5914085914085915,no,figures/v9/structure_function/meg_dynamics_v2_summary.csv,"as-coded family osc_band (q=0.5914); single-member recompute is the operative family per section 2.6; NEAR-CONSTANT MAP, effect not estimable (see RR5 degeneracy_diagnostics.csv)",-0.0193774649623274,0.2823529411764706,-0.030482935236399,0.5394605394605395
Slow/fast band-power ratio,sf_ratio,dynamics_singlemember_7,7,confirmatory,fall,subject (N=89) x vertex (4k fs_LR),89 subjects x 8004 vertices,"hierarchical subject x vertex spin (N=1000, seed 0)",mean over 89 subjects of the per-subject vertex-level Spearman rho = -0.3564,-0.3564,0.0089910089910089,0.021,yes,figures/v9/structure_function/meg_dynamics_v2_summary_fdr_singlemember.csv,as-coded family osc_band (q=0.0280); single-member recompute is the operative family per section 2.6,-0.3593971733099804,0.9775280898876404,-0.3385953338906851,0.0109890109890109
Power-weighted spectral centroid,centroid,dynamics_singlemember_7,7,confirmatory,rise,subject (N=89) x vertex (4k fs_LR),89 subjects x 8004 vertices,"hierarchical subject x vertex spin (N=1000, seed 0)",mean over 89 subjects of the per-subject vertex-level Spearman rho = +0.4088,0.4088,0.0039960039960039,0.014,yes,figures/v9/structure_function/meg_dynamics_v2_summary_fdr_singlemember.csv,as-coded family osc_band (q=0.0280); single-member recompute is the operative family per section 2.6,0.4234968254775901,0.9887640449438202,0.392119649164606,0.0049950049950049
"MOR (opioid, metabotropic)",receptor_MOR,receptor_maps_19,19,exploratory,none,vertex (32k fs_LR),58731,"vertex spin (N=1000, seed 0)",Spearman rho = -0.5483,-0.5483,0.0049950049950049,0.0427072927072927,yes,figures/v9/structure_function/receptor_type_association.csv,Hansen-2022 PET collection; allocortex-excluded variant in the same file,,,,
"5-HT1a (serotonin, metabotropic)",receptor_5-HT1a,receptor_maps_19,19,exploratory,none,vertex (32k fs_LR),58731,"vertex spin (N=1000, seed 0)",Spearman rho = -0.5370,-0.537,0.0069930069930069,0.0427072927072927,yes,figures/v9/structure_function/receptor_type_association.csv,Hansen-2022 PET collection; allocortex-excluded variant in the same file,,,,
"CB1 (endocannabinoid, metabotropic)",receptor_CB1,receptor_maps_19,19,exploratory,none,vertex (32k fs_LR),58731,"vertex spin (N=1000, seed 0)",Spearman rho = -0.4058,-0.4058,0.0089910089910089,0.0427072927072927,yes,figures/v9/structure_function/receptor_type_association.csv,Hansen-2022 PET collection; allocortex-excluded variant in the same file,,,,
"D1 (dopamine, metabotropic)",receptor_D1,receptor_maps_19,19,exploratory,none,vertex (32k fs_LR),58731,"vertex spin (N=1000, seed 0)",Spearman rho = -0.3935,-0.3935,0.0169830169830169,0.0645354645354645,no,figures/v9/structure_function/receptor_type_association.csv,Hansen-2022 PET collection; allocortex-excluded variant in the same file,,,,
"5-HT4 (serotonin, metabotropic)",receptor_5-HT4,receptor_maps_19,19,exploratory,none,vertex (32k fs_LR),58731,"vertex spin (N=1000, seed 0)",Spearman rho = -0.3730,-0.373,0.0479520479520479,0.1518481518481518,no,figures/v9/structure_function/receptor_type_association.csv,Hansen-2022 PET collection; allocortex-excluded variant in the same file,,,,
"D2 (dopamine, metabotropic)",receptor_D2,receptor_maps_19,19,exploratory,none,vertex (32k fs_LR),58731,"vertex spin (N=1000, seed 0)",Spearman rho = -0.3552,-0.3552,0.1078921078921078,0.2562437562437562,no,figures/v9/structure_function/receptor_type_association.csv,Hansen-2022 PET collection; allocortex-excluded variant in the same file,,,,
"DAT (dopamine, transporter)",receptor_DAT,receptor_maps_19,19,exploratory,none,vertex (32k fs_LR),58731,"vertex spin (N=1000, seed 0)",Spearman rho = -0.3400,-0.34,0.0609390609390609,0.1654060225488796,no,figures/v9/structure_function/receptor_type_association.csv,Hansen-2022 PET collection; allocortex-excluded variant in the same file,,,,
"mGluR5 (glutamate, metabotropic)",receptor_mGluR5,receptor_maps_19,19,exploratory,none,vertex (32k fs_LR),58731,"vertex spin (N=1000, seed 0)",Spearman rho = -0.2509,-0.2509,0.1268731268731268,0.2678432678432678,no,figures/v9/structure_function/receptor_type_association.csv,Hansen-2022 PET collection; allocortex-excluded variant in the same file,,,,
"H3 (histamine, metabotropic)",receptor_H3,receptor_maps_19,19,exploratory,none,vertex (32k fs_LR),58731,"vertex spin (N=1000, seed 0)",Spearman rho = -0.2057,-0.2057,0.2767232767232767,0.4779765688856598,no,figures/v9/structure_function/receptor_type_association.csv,Hansen-2022 PET collection; allocortex-excluded variant in the same file,,,,
"5-HT2a (serotonin, metabotropic)",receptor_5-HT2a,receptor_maps_19,19,exploratory,none,vertex (32k fs_LR),58731,"vertex spin (N=1000, seed 0)",Spearman rho = -0.1763,-0.1763,0.2257742257742257,0.428971028971029,no,figures/v9/structure_function/receptor_type_association.csv,Hansen-2022 PET collection; allocortex-excluded variant in the same file,,,,
"5-HT6 (serotonin, metabotropic)",receptor_5-HT6,receptor_maps_19,19,exploratory,none,vertex (32k fs_LR),58731,"vertex spin (N=1000, seed 0)",Spearman rho = -0.1197,-0.1197,0.4425574425574425,0.6468147237378007,no,figures/v9/structure_function/receptor_type_association.csv,Hansen-2022 PET collection; allocortex-excluded variant in the same file,,,,
"5-HTT (serotonin, transporter)",receptor_5-HTT,receptor_maps_19,19,exploratory,none,vertex (32k fs_LR),58731,"vertex spin (N=1000, seed 0)",Spearman rho = -0.0930,-0.093,0.6653346653346653,0.8427572427572427,no,figures/v9/structure_function/receptor_type_association.csv,Hansen-2022 PET collection; allocortex-excluded variant in the same file,,,,
"NMDA (glutamate, ionotropic)",receptor_NMDA,receptor_maps_19,19,exploratory,none,vertex (32k fs_LR),58731,"vertex spin (N=1000, seed 0)",Spearman rho = -0.0796,-0.0796,0.3476523476523476,0.5504495504495505,no,figures/v9/structure_function/receptor_type_association.csv,Hansen-2022 PET collection; allocortex-excluded variant in the same file,,,,
"a4b2 (acetylcholine, ionotropic)",receptor_a4b2,receptor_maps_19,19,exploratory,none,vertex (32k fs_LR),58731,"vertex spin (N=1000, seed 0)",Spearman rho = -0.0186,-0.0186,0.9150849150849152,0.951048951048951,no,figures/v9/structure_function/receptor_type_association.csv,Hansen-2022 PET collection; allocortex-excluded variant in the same file,,,,
"M1 (acetylcholine, metabotropic)",receptor_M1,receptor_maps_19,19,exploratory,none,vertex (32k fs_LR),58731,"vertex spin (N=1000, seed 0)",Spearman rho = -0.0076,-0.0076,0.951048951048951,0.951048951048951,no,figures/v9/structure_function/receptor_type_association.csv,Hansen-2022 PET collection; allocortex-excluded variant in the same file,,,,
"VAChT (acetylcholine, transporter)",receptor_VAChT,receptor_maps_19,19,exploratory,none,vertex (32k fs_LR),58731,"vertex spin (N=1000, seed 0)",Spearman rho = +0.0115,0.0115,0.9430569430569432,0.951048951048951,no,figures/v9/structure_function/receptor_type_association.csv,Hansen-2022 PET collection; allocortex-excluded variant in the same file,,,,
"GABA-A (GABA, ionotropic)",receptor_GABA-A,receptor_maps_19,19,exploratory,none,vertex (32k fs_LR),58731,"vertex spin (N=1000, seed 0)",Spearman rho = +0.0389,0.0389,0.8181818181818182,0.951048951048951,no,figures/v9/structure_function/receptor_type_association.csv,Hansen-2022 PET collection; allocortex-excluded variant in the same file,,,,
"5-HT1b (serotonin, metabotropic)",receptor_5-HT1b,receptor_maps_19,19,exploratory,none,vertex (32k fs_LR),58731,"vertex spin (N=1000, seed 0)",Spearman rho = +0.0953,0.0953,0.5144855144855145,0.6982303410874839,no,figures/v9/structure_function/receptor_type_association.csv,Hansen-2022 PET collection; allocortex-excluded variant in the same file,,,,
"NET (noradrenaline, transporter)",receptor_NET,receptor_maps_19,19,exploratory,none,vertex (32k fs_LR),58731,"vertex spin (N=1000, seed 0)",Spearman rho = +0.4413,0.4413,0.0029970029970029,0.0427072927072927,yes,figures/v9/structure_function/receptor_type_association.csv,Hansen-2022 PET collection; allocortex-excluded variant in the same file,,,,
Receptor composite: metabotropic,composite_metabotropic,receptor_composites_8,8,exploratory,none,vertex (32k fs_LR),58731,"vertex spin (N=1000, seed 0)",Spearman rho = -0.4082,-0.4082,0.0159840159840159,0.0426240426240426,yes,figures/v9/structure_function/receptor_composites.csv,members: 5-HT2a|5-HT1a|5-HT4|mGluR5|5-HT1b|H3|D1|MOR|M1|CB1|5-HT6|D2 (12),,,,
Receptor composite: ionotropic,composite_ionotropic,receptor_composites_8,8,exploratory,none,vertex (32k fs_LR),58731,"vertex spin (N=1000, seed 0)",Spearman rho = -0.0346,-0.0346,0.8441558441558441,0.8441558441558441,no,figures/v9/structure_function/receptor_composites.csv,members: NMDA|a4b2|GABA-A (3),,,,
Receptor composite: serotonin,composite_serotonin,receptor_composites_8,8,exploratory,none,vertex (32k fs_LR),58731,"vertex spin (N=1000, seed 0)",Spearman rho = -0.2899,-0.2899,0.1078921078921078,0.2157842157842157,no,figures/v9/structure_function/receptor_composites.csv,members: 5-HT2a|5-HT1a|5-HT4|5-HT1b|5-HT6 (5),,,,
Receptor composite: dopamine,composite_dopamine,receptor_composites_8,8,exploratory,none,vertex (32k fs_LR),58731,"vertex spin (N=1000, seed 0)",Spearman rho = -0.4603,-0.4603,0.0079920079920079,0.0319680319680319,yes,figures/v9/structure_function/receptor_composites.csv,members: D1|D2 (2),,,,
Receptor composite: acetylcholine,composite_acetylcholine,receptor_composites_8,8,exploratory,none,vertex (32k fs_LR),58731,"vertex spin (N=1000, seed 0)",Spearman rho = -0.0255,-0.0255,0.8071928071928072,0.8441558441558441,no,figures/v9/structure_function/receptor_composites.csv,members: a4b2|M1 (2),,,,
Receptor composite: reuptake_innervation,composite_reuptake_innervation,receptor_composites_8,8,exploratory,none,vertex (32k fs_LR),58731,"vertex spin (N=1000, seed 0)",Spearman rho = +0.0370,0.037,0.8311688311688312,0.8441558441558441,no,figures/v9/structure_function/receptor_composites.csv,members: VAChT|5-HTT|NET|DAT (4),,,,
Receptor composite: iono_minus_metabo_index,composite_iono_minus_metabo_index,receptor_composites_8,8,exploratory,rise (Structural-Model prediction),vertex (32k fs_LR),58731,"vertex spin (N=1000, seed 0)",Spearman rho = +0.4263,0.4263,0.0019980019980019,0.0159840159840159,yes,figures/v9/structure_function/receptor_composites.csv,members: NMDA|a4b2|GABA-A|-|5-HT2a|5-HT1a|5-HT4|mGluR5|5-HT1b|H3|D1|MOR|M1|CB1|5-HT6|D2 (15),,,,
Receptor composite: glutamate_minus_GABA,composite_glutamate_minus_GABA,receptor_composites_8,8,exploratory,none,vertex (32k fs_LR),58731,"vertex spin (N=1000, seed 0)",Spearman rho = -0.1634,-0.1634,0.1838161838161838,0.2941058941058941,no,figures/v9/structure_function/receptor_composites.csv,members: mGluR5|NMDA|-|GABA-A (3); flagged under-powered,,,,
Receptor diversity (Shannon entropy of 19 maps),diversity_shannon_entropy_H,fig9_predictions_3,3,confirmatory,fall (Structural-Model prediction),vertex (32k fs_LR),58731,"vertex spin (N=1000, seed 0)",Spearman rho = -0.3812,-0.3812,0.0459540459540459,0.0689310689310689,no,figures/v9/structure_function/receptor_diversity.csv,q comes from the three-member Fig.9-prediction family in fig9_predictions_summary.csv,,,,
Receptor diversity (coefficient-of-variation robustness check),diversity_cv_robustness,no FDR family (robustness variant),1,robustness,fall (Structural-Model prediction),vertex (32k fs_LR),58731,"vertex spin (N=1000, seed 0)",Spearman rho = +0.4143,0.4143,0.0329670329670329,,no,figures/v9/structure_function/receptor_diversity.csv,raw spin p only,,,,
"RORB [gene, layer IV (granular)]",layer_RORB,layer_markers_8,8,confirmatory,rise (pre-registered),parcel (Desikan-68),68,"parcel spin (N=1000, seed 0)",Spearman rho = +0.7761,0.7761,0.0029970029970029,0.0053280053280053,yes,figures/v9/definitional/layer_marker_genes.csv,"AHBA parcel-level expression; allocortex-excluded variant in the same file (rho +0.756, n 66); p and q recomputed under the section 2.6 convention (RR13), the published file used ENIGMA perm_sphere_p",,,,
"CUX2 [gene, layer II/III (upper)]",layer_CUX2,layer_markers_8,8,exploratory,none,parcel (Desikan-68),68,"parcel spin (N=1000, seed 0)",Spearman rho = +0.7112,0.7112,0.0029970029970029,0.0053280053280053,yes,figures/v9/definitional/layer_marker_genes.csv,"AHBA parcel-level expression; allocortex-excluded variant in the same file (rho +0.687, n 66); p and q recomputed under the section 2.6 convention (RR13), the published file used ENIGMA perm_sphere_p",,,,
"FEZF2 [gene, layer V (deep)]",layer_FEZF2,layer_markers_8,8,exploratory,none,parcel (Desikan-68),68,"parcel spin (N=1000, seed 0)",Spearman rho = -0.5932,-0.5932,0.0034965034965034,0.0053280053280053,yes,figures/v9/definitional/layer_marker_genes.csv,"AHBA parcel-level expression; allocortex-excluded variant in the same file (rho -0.559, n 66); p and q recomputed under the section 2.6 convention (RR13), the published file used ENIGMA perm_sphere_p",,,,
"FOXP2 [gene, layer VI (deep)]",layer_FOXP2,layer_markers_8,8,exploratory,none,parcel (Desikan-68),68,"parcel spin (N=1000, seed 0)",Spearman rho = +0.6890,0.689,0.0039960039960039,0.0053280053280053,yes,figures/v9/definitional/layer_marker_genes.csv,"AHBA parcel-level expression; allocortex-excluded variant in the same file (rho +0.660, n 66); p and q recomputed under the section 2.6 convention (RR13), the published file used ENIGMA perm_sphere_p",,,,
"TLE4 [gene, layer VI (deep)]",layer_TLE4,layer_markers_8,8,exploratory,none,parcel (Desikan-68),68,"parcel spin (N=1000, seed 0)",Spearman rho = +0.2943,0.2943,0.0439560439560439,0.0494505494505494,yes,figures/v9/definitional/layer_marker_genes.csv,"AHBA parcel-level expression; allocortex-excluded variant in the same file (rho +0.330, n 66); p and q recomputed under the section 2.6 convention (RR13), the published file used ENIGMA perm_sphere_p",,,,
"upper(CUX2) [composite, layer -]",layer_upper(CUX2),layer_markers_8,8,exploratory,none,parcel (Desikan-68),68,"parcel spin (N=1000, seed 0)",Spearman rho = +0.7112,0.7112,0.0029970029970029,0.0053280053280053,yes,figures/v9/definitional/layer_marker_genes.csv,"AHBA parcel-level expression; allocortex-excluded variant in the same file (rho +0.687, n 66); p and q recomputed under the section 2.6 convention (RR13), the published file used ENIGMA perm_sphere_p",,,,
"granular(RORB) [composite, layer -]",layer_granular(RORB),layer_markers_8,8,exploratory,none,parcel (Desikan-68),68,"parcel spin (N=1000, seed 0)",Spearman rho = +0.7761,0.7761,0.0029970029970029,0.0053280053280053,yes,figures/v9/definitional/layer_marker_genes.csv,"AHBA parcel-level expression; allocortex-excluded variant in the same file (rho +0.756, n 66); p and q recomputed under the section 2.6 convention (RR13), the published file used ENIGMA perm_sphere_p",,,,
"deep(FEZF2/FOXP2/TLE4) [composite, layer -]",layer_deep(FEZF2/FOXP2/TLE4),layer_markers_8,8,exploratory,none,parcel (Desikan-68),68,"parcel spin (N=1000, seed 0)",Spearman rho = +0.3347,0.3347,0.0494505494505494,0.0494505494505494,yes,figures/v9/definitional/layer_marker_genes.csv,"AHBA parcel-level expression; allocortex-excluded variant in the same file (rho +0.290, n 66); p and q recomputed under the section 2.6 convention (RR13), the published file used ENIGMA perm_sphere_p",,,,
Evolutionary cortical expansion (Xu 2020),xu2020_evoexp,fig9_predictions_3,3,confirmatory,fall (Structural-Model prediction),vertex (32k fs_LR),58731,"vertex spin (N=1000, seed 0)",Spearman rho = -0.2659,-0.2659,0.0279720279720279,0.0689310689310689,no,figures/v9/structure_function/fig9_predictions_summary.csv,,,,,
Developmental cortical expansion (Hill 2010),hill2010_devexp,fig9_predictions_3,3,confirmatory,fall (Structural-Model prediction),vertex (32k fs_LR),58731,"vertex spin (N=1000, seed 0)",Spearman rho = -0.1146,-0.1146,0.4155844155844156,0.4155844155844155,no,figures/v9/structure_function/fig9_predictions_summary.csv,"one hemisphere only, reported as exploratory",,,,
ENIGMA cortical-thickness effect size: 22q,disease_22q,disease_8,8,exploratory,fall with type (vulnerability),parcel (Desikan-68),68,"parcel spin (N=1000, seed 0)",Spearman rho = +0.3557,0.3557,0.0219780219780219,0.0351648351648351,yes,figures/v9/external/disease_vulnerability.csv,"ENIGMA case-control Cohen d, CortThick_case_vs_controls; p and q recomputed under the section 2.6 convention (RR13b), the published file used ENIGMA perm_sphere_p",,,,
"ENIGMA 22q, partialling the functional gradient",disease_partial_22q,disease_partial_8,8,robustness,fall with type (vulnerability),parcel (Desikan-68),68,"parcel spin (N=1000, seed 0)",partial Spearman rho = +0.3571,0.3571,0.0259740259740259,0.0692640692640692,no,figures/v9/external/disease_vulnerability.csv,gradient-specificity control for the same disorder,,,,
ENIGMA cortical-thickness effect size: adhd,disease_adhd,disease_8,8,exploratory,fall with type (vulnerability),parcel (Desikan-68),68,"parcel spin (N=1000, seed 0)",Spearman rho = +0.4136,0.4136,0.0049950049950049,0.0186480186480186,yes,figures/v9/external/disease_vulnerability.csv,"ENIGMA case-control Cohen d, CortThick_case_vs_controls_allages; p and q recomputed under the section 2.6 convention (RR13b), the published file used ENIGMA perm_sphere_p",,,,
"ENIGMA adhd, partialling the functional gradient",disease_partial_adhd,disease_partial_8,8,robustness,fall with type (vulnerability),parcel (Desikan-68),68,"parcel spin (N=1000, seed 0)",partial Spearman rho = +0.5458,0.5458,0.0029970029970029,0.0159840159840159,yes,figures/v9/external/disease_vulnerability.csv,gradient-specificity control for the same disorder,,,,
ENIGMA cortical-thickness effect size: asd,disease_asd,disease_8,8,exploratory,fall with type (vulnerability),parcel (Desikan-68),68,"parcel spin (N=1000, seed 0)",Spearman rho = -0.0249,-0.0249,0.949050949050949,0.988011988011988,no,figures/v9/external/disease_vulnerability.csv,"ENIGMA case-control Cohen d, CortThick_case_vs_controls_meta_analysis; p and q recomputed under the section 2.6 convention (RR13b), the published file used ENIGMA perm_sphere_p",,,,
"ENIGMA asd, partialling the functional gradient",disease_partial_asd,disease_partial_8,8,robustness,fall with type (vulnerability),parcel (Desikan-68),68,"parcel spin (N=1000, seed 0)",partial Spearman rho = +0.1804,0.1804,0.6253746253746254,0.6253746253746254,no,figures/v9/external/disease_vulnerability.csv,gradient-specificity control for the same disorder,,,,
ENIGMA cortical-thickness effect size: bipolar,disease_bipolar,disease_8,8,exploratory,fall with type (vulnerability),parcel (Desikan-68),68,"parcel spin (N=1000, seed 0)",Spearman rho = +0.0033,0.0033,0.988011988011988,0.988011988011988,no,figures/v9/external/disease_vulnerability.csv,"ENIGMA case-control Cohen d, CortThick_case_vs_controls_adult; p and q recomputed under the section 2.6 convention (RR13b), the published file used ENIGMA perm_sphere_p",,,,
"ENIGMA bipolar, partialling the functional gradient",disease_partial_bipolar,disease_partial_8,8,robustness,fall with type (vulnerability),parcel (Desikan-68),68,"parcel spin (N=1000, seed 0)",partial Spearman rho = -0.2483,-0.2483,0.1538461538461538,0.2461538461538461,no,figures/v9/external/disease_vulnerability.csv,gradient-specificity control for the same disorder,,,,
ENIGMA cortical-thickness effect size: depression,disease_depression,disease_8,8,exploratory,fall with type (vulnerability),parcel (Desikan-68),68,"parcel spin (N=1000, seed 0)",Spearman rho = +0.5972,0.5972,0.0039960039960039,0.0186480186480186,yes,figures/v9/external/disease_vulnerability.csv,"ENIGMA case-control Cohen d, CortThick_case_vs_controls_adult; p and q recomputed under the section 2.6 convention (RR13b), the published file used ENIGMA perm_sphere_p",,,,
"ENIGMA depression, partialling the functional gradient",disease_partial_depression,disease_partial_8,8,robustness,fall with type (vulnerability),parcel (Desikan-68),68,"parcel spin (N=1000, seed 0)",partial Spearman rho = +0.4567,0.4567,0.0039960039960039,0.0159840159840159,yes,figures/v9/external/disease_vulnerability.csv,gradient-specificity control for the same disorder,,,,
ENIGMA cortical-thickness effect size: epilepsy,disease_epilepsy,disease_8,8,exploratory,fall with type (vulnerability),parcel (Desikan-68),68,"parcel spin (N=1000, seed 0)",Spearman rho = -0.4229,-0.4229,0.0189810189810189,0.0351648351648351,yes,figures/v9/external/disease_vulnerability.csv,"ENIGMA case-control Cohen d, CortThick_case_vs_controls_allepilepsy; p and q recomputed under the section 2.6 convention (RR13b), the published file used ENIGMA perm_sphere_p",,,,
"ENIGMA epilepsy, partialling the functional gradient",disease_partial_epilepsy,disease_partial_8,8,robustness,fall with type (vulnerability),parcel (Desikan-68),68,"parcel spin (N=1000, seed 0)",partial Spearman rho = -0.3570,-0.357,0.0429570429570429,0.0859140859140859,no,figures/v9/external/disease_vulnerability.csv,gradient-specificity control for the same disorder,,,,
ENIGMA cortical-thickness effect size: ocd,disease_ocd,disease_8,8,exploratory,fall with type (vulnerability),parcel (Desikan-68),68,"parcel spin (N=1000, seed 0)",Spearman rho = +0.3172,0.3172,0.0069930069930069,0.0186480186480186,yes,figures/v9/external/disease_vulnerability.csv,"ENIGMA case-control Cohen d, CortThick_case_vs_controls_adult; p and q recomputed under the section 2.6 convention (RR13b), the published file used ENIGMA perm_sphere_p",,,,
"ENIGMA ocd, partialling the functional gradient",disease_partial_ocd,disease_partial_8,8,robustness,fall with type (vulnerability),parcel (Desikan-68),68,"parcel spin (N=1000, seed 0)",partial Spearman rho = +0.1240,0.124,0.3416583416583416,0.4555444555444555,no,figures/v9/external/disease_vulnerability.csv,gradient-specificity control for the same disorder,,,,
ENIGMA cortical-thickness effect size: schizophrenia,disease_schizophrenia,disease_8,8,exploratory,fall with type (vulnerability),parcel (Desikan-68),68,"parcel spin (N=1000, seed 0)",Spearman rho = -0.1816,-0.1816,0.5024975024975025,0.66999666999667,no,figures/v9/external/disease_vulnerability.csv,"ENIGMA case-control Cohen d, Schizophrenia_case-controls_CortThick.csv (van Erp 2018, sign-flipped); p and q recomputed under the section 2.6 convention (RR13b), the published file used ENIGMA perm_sphere_p",,,,
"ENIGMA schizophrenia, partialling the functional gradient",disease_partial_schizophrenia,disease_partial_8,8,robustness,fall with type (vulnerability),parcel (Desikan-68),68,"parcel spin (N=1000, seed 0)",partial Spearman rho = -0.2176,-0.2176,0.4215784215784215,0.4818039103753389,no,figures/v9/external/disease_vulnerability.csv,gradient-specificity control for the same disorder,,,,
Short-range connectivity vs type-distance (log-linear slope),tract_short_slope,tractography_5,5,confirmatory,"fall (architectonic-type principle, fixed in advance)",type-pair (7x7),21,label permutation of the 7 type ranks,log-linear slope = -1.2306,-1.2306,0.003,,yes,figures/v9/tractography/tractography_null.csv,no FDR applied within this family of 2; RR7 re-examines this result,,,,
"Short-range connectivity vs type-distance, contact area partialled out",tract_partial_contact,tractography_5,5,confirmatory,fall (fixed in advance),type-pair (7x7),21,parametric p on the partial Pearson r,partial Pearson r = -0.6358,-0.6358,0.0019,,yes,figures/v9/tractography/tractography_null.csv,"parametric, not a spatial null; RR7 re-examines this result",,,,
Per-type connectional property: degree_short,tract_degree_short,tractography_per_type_8 (no FDR applied),8,exploratory,none,type (7),7,"label permutation of the 7 type ranks (N=5040, exhaustive)",Spearman rho = +0.1071,0.1071,0.8396825396825397,,no,figures/v9/tractography/per_type_connectivity_trends.csv,7 observations; no FDR was applied across these 8 summaries,,,,
Per-type connectional property: degree_long,tract_degree_long,tractography_per_type_8 (no FDR applied),8,exploratory,none,type (7),7,"label permutation of the 7 type ranks (N=5040, exhaustive)",Spearman rho = +0.4286,0.4286,0.3535714285714286,,no,figures/v9/tractography/per_type_connectivity_trends.csv,7 observations; no FDR was applied across these 8 summaries,,,,
Per-type connectional property: degree_total,tract_degree_total,tractography_per_type_8 (no FDR applied),8,exploratory,none,type (7),7,"label permutation of the 7 type ranks (N=5040, exhaustive)",Spearman rho = +0.1786,0.1786,0.7130952380952381,,no,figures/v9/tractography/per_type_connectivity_trends.csv,7 observations; no FDR was applied across these 8 summaries,,,,
Per-type connectional property: degree_per_vertex,tract_degree_per_vertex,tractography_per_type_8 (no FDR applied),8,exploratory,none,type (7),7,"label permutation of the 7 type ranks (N=5040, exhaustive)",Spearman rho = -0.8214,-0.8214,0.0341269841269841,,yes (raw p),figures/v9/tractography/per_type_connectivity_trends.csv,7 observations; no FDR was applied across these 8 summaries,,,,
Per-type connectional property: degree_short_per_vertex,tract_degree_short_per_vertex,tractography_per_type_8 (no FDR applied),8,exploratory,none,type (7),7,"label permutation of the 7 type ranks (N=5040, exhaustive)",Spearman rho = -0.8929,-0.8929,0.0123015873015873,,yes (raw p),figures/v9/tractography/per_type_connectivity_trends.csv,7 observations; no FDR was applied across these 8 summaries,,,,
Per-type connectional property: degree_long_per_vertex,tract_degree_long_per_vertex,tractography_per_type_8 (no FDR applied),8,exploratory,none,type (7),7,"label permutation of the 7 type ranks (N=5040, exhaustive)",Spearman rho = -0.8214,-0.8214,0.0341269841269841,,yes (raw p),figures/v9/tractography/per_type_connectivity_trends.csv,7 observations; no FDR was applied across these 8 summaries,,,,
Per-type connectional property: mean_length_mm,tract_mean_length_mm,tractography_per_type_8 (no FDR applied),8,exploratory,none,type (7),7,"label permutation of the 7 type ranks (N=5040, exhaustive)",Spearman rho = +0.9643,0.9643,0.0027777777777777,,yes (raw p),figures/v9/tractography/per_type_connectivity_trends.csv,7 observations; no FDR was applied across these 8 summaries,,,,
Per-type connectional property: mean_tortuosity,tract_mean_tortuosity,tractography_per_type_8 (no FDR applied),8,exploratory,none,type (7),7,"label permutation of the 7 type ranks (N=5040, exhaustive)",Spearman rho = +1.0000,1.0,0.0003968253968253,,yes (raw p),figures/v9/tractography/per_type_connectivity_trends.csv,7 observations; no FDR was applied across these 8 summaries,,,,
"Added value over the area-level map, global: T1w/T2w myelin",av_global_T1w/T2w myelin,added_value_global_9,9,confirmatory,cyto7 higher |rho| (fixed in advance),vertex (32k fs_LR),58731,"vertex spin (N=1000, seed 0)",delta |rho| = +0.1164 (cyto7 +0.608 vs von-Economo +0.492),0.1164,0.001,0.006,yes,figures/v9/added_value_global.csv,one-sided: cyto7 tracks the feature better than the area-level map,,,,
"Added value over the area-level map, global: Cortical thickness",av_global_Cortical thickness,added_value_global_9,9,confirmatory,cyto7 higher |rho| (fixed in advance),vertex (32k fs_LR),58731,"vertex spin (N=1000, seed 0)",delta |rho| = +0.0960 (cyto7 -0.509 vs von-Economo -0.413),0.096,0.002,0.006,yes,figures/v9/added_value_global.csv,one-sided: cyto7 tracks the feature better than the area-level map,,,,
"Added value over the area-level map, global: Intrinsic timescale",av_global_Intrinsic timescale,added_value_global_9,9,confirmatory,cyto7 higher |rho| (fixed in advance),vertex (32k fs_LR),58731,"vertex spin (N=1000, seed 0)",delta |rho| = +0.1582 (cyto7 -0.487 vs von-Economo -0.329),0.1582,0.034,0.0764,no,figures/v9/added_value_global.csv,one-sided: cyto7 tracks the feature better than the area-level map,,,,
"Added value over the area-level map, global: Delta power (0.5-4 Hz)",av_global_Delta power (0.5-4 Hz),added_value_global_9,9,confirmatory,cyto7 higher |rho| (fixed in advance),vertex (32k fs_LR),58731,"vertex spin (N=1000, seed 0)",delta |rho| = +0.1398 (cyto7 -0.448 vs von-Economo -0.308),0.1398,0.0769,0.1385,no,figures/v9/added_value_global.csv,one-sided: cyto7 tracks the feature better than the area-level map,,,,
"Added value over the area-level map, global: Theta power (4-8 Hz)",av_global_Theta power (4-8 Hz),added_value_global_9,9,confirmatory,cyto7 higher |rho| (fixed in advance),vertex (32k fs_LR),58731,"vertex spin (N=1000, seed 0)",delta |rho| = +0.0662 (cyto7 -0.213 vs von-Economo -0.147),0.0662,0.5375,0.5375,no,figures/v9/added_value_global.csv,one-sided: cyto7 tracks the feature better than the area-level map,,,,
"Added value over the area-level map, global: Alpha power (8-12 Hz)",av_global_Alpha power (8-12 Hz),added_value_global_9,9,confirmatory,cyto7 higher |rho| (fixed in advance),vertex (32k fs_LR),58731,"vertex spin (N=1000, seed 0)",delta |rho| = +0.1074 (cyto7 +0.371 vs von-Economo +0.263),0.1074,0.2258,0.298,no,figures/v9/added_value_global.csv,one-sided: cyto7 tracks the feature better than the area-level map,,,,
"Added value over the area-level map, global: Beta power (12-30 Hz)",av_global_Beta power (12-30 Hz),added_value_global_9,9,confirmatory,cyto7 higher |rho| (fixed in advance),vertex (32k fs_LR),58731,"vertex spin (N=1000, seed 0)",delta |rho| = +0.0948 (cyto7 +0.235 vs von-Economo +0.141),0.0948,0.4456,0.5012,no,figures/v9/added_value_global.csv,one-sided: cyto7 tracks the feature better than the area-level map,,,,
"Added value over the area-level map, global: Gamma power (30-60 Hz)",av_global_Gamma power (30-60 Hz),added_value_global_9,9,confirmatory,cyto7 higher |rho| (fixed in advance),vertex (32k fs_LR),58731,"vertex spin (N=1000, seed 0)",delta |rho| = +0.0968 (cyto7 -0.325 vs von-Economo -0.228),0.0968,0.2318,0.298,no,figures/v9/added_value_global.csv,one-sided: cyto7 tracks the feature better than the area-level map,,,,
"Added value over the area-level map, global: Principal functional gradient",av_global_Principal functional gradient,added_value_global_9,9,confirmatory,cyto7 higher |rho| (fixed in advance),vertex (32k fs_LR),58731,"vertex spin (N=1000, seed 0)",delta |rho| = +0.1620 (cyto7 -0.583 vs von-Economo -0.421),0.162,0.002,0.006,yes,figures/v9/added_value_global.csv,one-sided: cyto7 tracks the feature better than the area-level map,,,,
Win fraction on the disagreement set (all): T1w/T2w myelin,av_local_T1w/T2w myelin_all,added_value_localized_27 (no FDR applied),27,confirmatory,win fraction > 0.5 (fixed in advance),vertex (32k fs_LR),27298,binomial test against 0.5,win fraction = 0.6156,0.6156,0.0,,yes (raw p),figures/v9/added_value_localized.csv,per-feature win fraction; the aggregate of myelin/thickness/gradient is the reported 60.1% and carries the spin null (RR4),,,,
Win fraction on the disagreement set (off1): T1w/T2w myelin,av_local_T1w/T2w myelin_off1,added_value_localized_27 (no FDR applied),27,confirmatory,win fraction > 0.5 (fixed in advance),vertex (32k fs_LR),23168,binomial test against 0.5,win fraction = 0.5790,0.579,0.0,,yes (raw p),figures/v9/added_value_localized.csv,per-feature win fraction; the aggregate of myelin/thickness/gradient is the reported 60.1% and carries the spin null (RR4),,,,
Win fraction on the disagreement set (off2): T1w/T2w myelin,av_local_T1w/T2w myelin_off2,added_value_localized_27 (no FDR applied),27,confirmatory,win fraction > 0.5 (fixed in advance),vertex (32k fs_LR),4130,binomial test against 0.5,win fraction = 0.8206,0.8206,0.0,,yes (raw p),figures/v9/added_value_localized.csv,per-feature win fraction; the aggregate of myelin/thickness/gradient is the reported 60.1% and carries the spin null (RR4),,,,
Win fraction on the disagreement set (all): Cortical thickness,av_local_Cortical thickness_all,added_value_localized_27 (no FDR applied),27,confirmatory,win fraction > 0.5 (fixed in advance),vertex (32k fs_LR),27298,binomial test against 0.5,win fraction = 0.5682,0.5682,0.0,,yes (raw p),figures/v9/added_value_localized.csv,per-feature win fraction; the aggregate of myelin/thickness/gradient is the reported 60.1% and carries the spin null (RR4),,,,
Win fraction on the disagreement set (off1): Cortical thickness,av_local_Cortical thickness_off1,added_value_localized_27 (no FDR applied),27,confirmatory,win fraction > 0.5 (fixed in advance),vertex (32k fs_LR),23168,binomial test against 0.5,win fraction = 0.5508,0.5508,0.0,,yes (raw p),figures/v9/added_value_localized.csv,per-feature win fraction; the aggregate of myelin/thickness/gradient is the reported 60.1% and carries the spin null (RR4),,,,
Win fraction on the disagreement set (off2): Cortical thickness,av_local_Cortical thickness_off2,added_value_localized_27 (no FDR applied),27,confirmatory,win fraction > 0.5 (fixed in advance),vertex (32k fs_LR),4130,binomial test against 0.5,win fraction = 0.6656,0.6656,0.0,,yes (raw p),figures/v9/added_value_localized.csv,per-feature win fraction; the aggregate of myelin/thickness/gradient is the reported 60.1% and carries the spin null (RR4),,,,
Win fraction on the disagreement set (all): Intrinsic timescale,av_local_Intrinsic timescale_all,added_value_localized_27 (no FDR applied),27,confirmatory,win fraction > 0.5 (fixed in advance),vertex (32k fs_LR),27298,binomial test against 0.5,win fraction = 0.6377,0.6377,0.0,,yes (raw p),figures/v9/added_value_localized.csv,per-feature win fraction; the aggregate of myelin/thickness/gradient is the reported 60.1% and carries the spin null (RR4),,,,
Win fraction on the disagreement set (off1): Intrinsic timescale,av_local_Intrinsic timescale_off1,added_value_localized_27 (no FDR applied),27,confirmatory,win fraction > 0.5 (fixed in advance),vertex (32k fs_LR),23168,binomial test against 0.5,win fraction = 0.6171,0.6171,0.0,,yes (raw p),figures/v9/added_value_localized.csv,per-feature win fraction; the aggregate of myelin/thickness/gradient is the reported 60.1% and carries the spin null (RR4),,,,
Win fraction on the disagreement set (off2): Intrinsic timescale,av_local_Intrinsic timescale_off2,added_value_localized_27 (no FDR applied),27,confirmatory,win fraction > 0.5 (fixed in advance),vertex (32k fs_LR),4130,binomial test against 0.5,win fraction = 0.7530,0.753,0.0,,yes (raw p),figures/v9/added_value_localized.csv,per-feature win fraction; the aggregate of myelin/thickness/gradient is the reported 60.1% and carries the spin null (RR4),,,,
Win fraction on the disagreement set (all): Delta power (0.5-4 Hz),av_local_Delta power (0.5-4 Hz)_all,added_value_localized_27 (no FDR applied),27,confirmatory,win fraction > 0.5 (fixed in advance),vertex (32k fs_LR),27298,binomial test against 0.5,win fraction = 0.6062,0.6062,0.0,,yes (raw p),figures/v9/added_value_localized.csv,per-feature win fraction; the aggregate of myelin/thickness/gradient is the reported 60.1% and carries the spin null (RR4),,,,
Win fraction on the disagreement set (off1): Delta power (0.5-4 Hz),av_local_Delta power (0.5-4 Hz)_off1,added_value_localized_27 (no FDR applied),27,confirmatory,win fraction > 0.5 (fixed in advance),vertex (32k fs_LR),23168,binomial test against 0.5,win fraction = 0.5902,0.5902,0.0,,yes (raw p),figures/v9/added_value_localized.csv,per-feature win fraction; the aggregate of myelin/thickness/gradient is the reported 60.1% and carries the spin null (RR4),,,,
Win fraction on the disagreement set (off2): Delta power (0.5-4 Hz),av_local_Delta power (0.5-4 Hz)_off2,added_value_localized_27 (no FDR applied),27,confirmatory,win fraction > 0.5 (fixed in advance),vertex (32k fs_LR),4130,binomial test against 0.5,win fraction = 0.6961,0.6961,0.0,,yes (raw p),figures/v9/added_value_localized.csv,per-feature win fraction; the aggregate of myelin/thickness/gradient is the reported 60.1% and carries the spin null (RR4),,,,
Win fraction on the disagreement set (all): Theta power (4-8 Hz),av_local_Theta power (4-8 Hz)_all,added_value_localized_27 (no FDR applied),27,confirmatory,win fraction > 0.5 (fixed in advance),vertex (32k fs_LR),27298,binomial test against 0.5,win fraction = 0.5192,0.5192,0.0,,yes (raw p),figures/v9/added_value_localized.csv,per-feature win fraction; the aggregate of myelin/thickness/gradient is the reported 60.1% and carries the spin null (RR4),,,,
Win fraction on the disagreement set (off1): Theta power (4-8 Hz),av_local_Theta power (4-8 Hz)_off1,added_value_localized_27 (no FDR applied),27,confirmatory,win fraction > 0.5 (fixed in advance),vertex (32k fs_LR),23168,binomial test against 0.5,win fraction = 0.4988,0.4988,0.7277,,no,figures/v9/added_value_localized.csv,per-feature win fraction; the aggregate of myelin/thickness/gradient is the reported 60.1% and carries the spin null (RR4),,,,
Win fraction on the disagreement set (off2): Theta power (4-8 Hz),av_local_Theta power (4-8 Hz)_off2,added_value_localized_27 (no FDR applied),27,confirmatory,win fraction > 0.5 (fixed in advance),vertex (32k fs_LR),4130,binomial test against 0.5,win fraction = 0.6332,0.6332,0.0,,yes (raw p),figures/v9/added_value_localized.csv,per-feature win fraction; the aggregate of myelin/thickness/gradient is the reported 60.1% and carries the spin null (RR4),,,,
Win fraction on the disagreement set (all): Alpha power (8-12 Hz),av_local_Alpha power (8-12 Hz)_all,added_value_localized_27 (no FDR applied),27,confirmatory,win fraction > 0.5 (fixed in advance),vertex (32k fs_LR),27298,binomial test against 0.5,win fraction = 0.5435,0.5435,0.0,,yes (raw p),figures/v9/added_value_localized.csv,per-feature win fraction; the aggregate of myelin/thickness/gradient is the reported 60.1% and carries the spin null (RR4),,,,
Win fraction on the disagreement set (off1): Alpha power (8-12 Hz),av_local_Alpha power (8-12 Hz)_off1,added_value_localized_27 (no FDR applied),27,confirmatory,win fraction > 0.5 (fixed in advance),vertex (32k fs_LR),23168,binomial test against 0.5,win fraction = 0.5497,0.5497,0.0,,yes (raw p),figures/v9/added_value_localized.csv,per-feature win fraction; the aggregate of myelin/thickness/gradient is the reported 60.1% and carries the spin null (RR4),,,,
Win fraction on the disagreement set (off2): Alpha power (8-12 Hz),av_local_Alpha power (8-12 Hz)_off2,added_value_localized_27 (no FDR applied),27,confirmatory,win fraction > 0.5 (fixed in advance),vertex (32k fs_LR),4130,binomial test against 0.5,win fraction = 0.5085,0.5085,0.283,,no,figures/v9/added_value_localized.csv,per-feature win fraction; the aggregate of myelin/thickness/gradient is the reported 60.1% and carries the spin null (RR4),,,,
Win fraction on the disagreement set (all): Beta power (12-30 Hz),av_local_Beta power (12-30 Hz)_all,added_value_localized_27 (no FDR applied),27,confirmatory,win fraction > 0.5 (fixed in advance),vertex (32k fs_LR),27298,binomial test against 0.5,win fraction = 0.4824,0.4824,0.0,,yes (raw p),figures/v9/added_value_localized.csv,per-feature win fraction; the aggregate of myelin/thickness/gradient is the reported 60.1% and carries the spin null (RR4),,,,
Win fraction on the disagreement set (off1): Beta power (12-30 Hz),av_local_Beta power (12-30 Hz)_off1,added_value_localized_27 (no FDR applied),27,confirmatory,win fraction > 0.5 (fixed in advance),vertex (32k fs_LR),23168,binomial test against 0.5,win fraction = 0.4532,0.4532,0.0,,yes (raw p),figures/v9/added_value_localized.csv,per-feature win fraction; the aggregate of myelin/thickness/gradient is the reported 60.1% and carries the spin null (RR4),,,,
Win fraction on the disagreement set (off2): Beta power (12-30 Hz),av_local_Beta power (12-30 Hz)_off2,added_value_localized_27 (no FDR applied),27,confirmatory,win fraction > 0.5 (fixed in advance),vertex (32k fs_LR),4130,binomial test against 0.5,win fraction = 0.6462,0.6462,0.0,,yes (raw p),figures/v9/added_value_localized.csv,per-feature win fraction; the aggregate of myelin/thickness/gradient is the reported 60.1% and carries the spin null (RR4),,,,
Win fraction on the disagreement set (all): Gamma power (30-60 Hz),av_local_Gamma power (30-60 Hz)_all,added_value_localized_27 (no FDR applied),27,confirmatory,win fraction > 0.5 (fixed in advance),vertex (32k fs_LR),27298,binomial test against 0.5,win fraction = 0.5203,0.5203,0.0,,yes (raw p),figures/v9/added_value_localized.csv,per-feature win fraction; the aggregate of myelin/thickness/gradient is the reported 60.1% and carries the spin null (RR4),,,,
Win fraction on the disagreement set (off1): Gamma power (30-60 Hz),av_local_Gamma power (30-60 Hz)_off1,added_value_localized_27 (no FDR applied),27,confirmatory,win fraction > 0.5 (fixed in advance),vertex (32k fs_LR),23168,binomial test against 0.5,win fraction = 0.5203,0.5203,0.0,,yes (raw p),figures/v9/added_value_localized.csv,per-feature win fraction; the aggregate of myelin/thickness/gradient is the reported 60.1% and carries the spin null (RR4),,,,
Win fraction on the disagreement set (off2): Gamma power (30-60 Hz),av_local_Gamma power (30-60 Hz)_off2,added_value_localized_27 (no FDR applied),27,confirmatory,win fraction > 0.5 (fixed in advance),vertex (32k fs_LR),4130,binomial test against 0.5,win fraction = 0.5203,0.5203,0.0094,,yes (raw p),figures/v9/added_value_localized.csv,per-feature win fraction; the aggregate of myelin/thickness/gradient is the reported 60.1% and carries the spin null (RR4),,,,
Win fraction on the disagreement set (all): Principal functional gradient,av_local_Principal functional gradient_all,added_value_localized_27 (no FDR applied),27,confirmatory,win fraction > 0.5 (fixed in advance),vertex (32k fs_LR),27298,binomial test against 0.5,win fraction = 0.6193,0.6193,0.0,,yes (raw p),figures/v9/added_value_localized.csv,per-feature win fraction; the aggregate of myelin/thickness/gradient is the reported 60.1% and carries the spin null (RR4),,,,
Win fraction on the disagreement set (off1): Principal functional gradient,av_local_Principal functional gradient_off1,added_value_localized_27 (no FDR applied),27,confirmatory,win fraction > 0.5 (fixed in advance),vertex (32k fs_LR),23168,binomial test against 0.5,win fraction = 0.5972,0.5972,0.0,,yes (raw p),figures/v9/added_value_localized.csv,per-feature win fraction; the aggregate of myelin/thickness/gradient is the reported 60.1% and carries the spin null (RR4),,,,
Win fraction on the disagreement set (off2): Principal functional gradient,av_local_Principal functional gradient_off2,added_value_localized_27 (no FDR applied),27,confirmatory,win fraction > 0.5 (fixed in advance),vertex (32k fs_LR),4130,binomial test against 0.5,win fraction = 0.7436,0.7436,0.0,,yes (raw p),figures/v9/added_value_localized.csv,per-feature win fraction; the aggregate of myelin/thickness/gradient is the reported 60.1% and carries the spin null (RR4),,,,
Aggregate win fraction on the disagreement set (all),av_aggregate_all,added_value_aggregate_3,3,confirmatory,win fraction > chance (fixed in advance),vertex (32k fs_LR),27298,"vertex spin (N=1000, seed 0), win fraction recomputed per rotation",win fraction = 0.6010 across myelin/thickness/gradient,0.601,0.001,,yes,figures/v9/REPORT_v9.md + figures/v9/review_response/rr4_benchmark/,"reproduced exactly in RR4, which adds the hemisphere holdout and the interior-versus-border split",,,,
Aggregate win fraction on the disagreement set (off-by-1),av_aggregate_off-by-1,added_value_aggregate_3,3,confirmatory,win fraction > chance (fixed in advance),vertex (32k fs_LR),23168,"vertex spin (N=1000, seed 0), win fraction recomputed per rotation",win fraction = 0.5757 across myelin/thickness/gradient,0.5757,0.002,,yes,figures/v9/REPORT_v9.md + figures/v9/review_response/rr4_benchmark/,"reproduced exactly in RR4, which adds the hemisphere holdout and the interior-versus-border split",,,,
Aggregate win fraction on the disagreement set (off-by->=2),av_aggregate_off-by->=2,added_value_aggregate_3,3,confirmatory,win fraction > chance (fixed in advance),vertex (32k fs_LR),4130,"vertex spin (N=1000, seed 0), win fraction recomputed per rotation",win fraction = 0.7433 across myelin/thickness/gradient,0.7433,0.001,,yes,figures/v9/REPORT_v9.md + figures/v9/review_response/rr4_benchmark/,"reproduced exactly in RR4, which adds the hemisphere holdout and the interior-versus-border split",,,,
Added value over the area-level map with BigBrain histology as arbiter,av_bigbrain_global,bigbrain_added_value_2,2,confirmatory,cyto7 higher |rho| (fixed in advance),vertex (32k fs_LR),58731,"vertex spin (N=1000, seed 0)",delta |rho| = +0.0515 (cyto7 +0.209 vs von-Economo +0.158),0.0515,0.3427,0.3427,no,figures/v9/structure_function/bigbrain_addedvalue/added_value_global.csv,single specimen; reported as a null,,,,
Win fraction on the disagreement set with BigBrain histology as arbiter,av_bigbrain_localized,bigbrain_added_value_2,2,confirmatory,win fraction > chance (fixed in advance),vertex (32k fs_LR),27298,"vertex spin (N=1000, seed 0), win fraction recomputed per rotation",win fraction = 0.4990 (chance 0.519),0.499,0.7403,,no,figures/v9/structure_function/bigbrain_addedvalue/REPORT_bigbrain_added_value.md,explicit null: cyto7 does not beat the area-level map against BigBrain histology,,,,
Negative control: Sulcal depth (pre-registered expected-null),negctrl_sulc,negative_control_2,2,confirmatory,"none (expected null, fixed in advance)",vertex (32k fs_LR),58731,"vertex spin (N=1000, seed 0)",Spearman rho = -0.0392,-0.0392,0.6613386613386614,0.6613386613386614,no,figures/v9/definitional/negative_control.csv,a surviving result here would indicate the axis is picking up folding geometry,,,,
Negative control: Cortical curvature (|mean-curv| proxy),negctrl_curv,negative_control_2,2,confirmatory,"none (expected null, fixed in advance)",vertex (32k fs_LR),58731,"vertex spin (N=1000, seed 0)",Spearman rho = -0.0515,-0.0515,0.5294705294705294,0.6613386613386614,no,figures/v9/definitional/negative_control.csv,a surviving result here would indicate the axis is picking up folding geometry,,,,
"Short-range connectivity vs type-distance, topology-preserving null",tract_rotation_null,tractography_5,5,confirmatory,fall with type-distance,"type pair (7x7 off-diagonal), n=21",21,"type-map rotation (N=1000, seed 0), scale-free statistic",Pearson rho = -0.7649 (null mean -0.3337),-0.7649,0.04,,no,figures/v9/review_response/rr7_tracto/rr7_summary.json,the published label-permutation p of 0.003 becomes 0.040 under a null that preserves the concentric arrangement; the null is centred at a third of the observed effect,,,,
"Short-range connectivity vs type-distance, bundle level, endpoint-pair offset",tract_bundle_endpoint_offset,tractography_5,5,confirmatory,fall with type-distance,"bundle x type pair, n=924",924,"negative binomial, tract-clustered errors",beta = +0.0089 per ordinal step,0.0089,0.9570865927461712,,no,figures/v9/review_response/rr7_tracto/model_coefficients.csv,the 21 off-diagonal cells summarise 33 template bundles; at the level the data exist the association is absent,,,,
"Short-range connectivity vs type-distance, bundle level, 80 mm opportunity offset",tract_bundle_opportunity_offset,tractography_5,5,confirmatory,fall with type-distance,"bundle x type pair, n=924",924,"negative binomial, tract-clustered errors",beta = +0.1263 per ordinal step,0.1263,0.4330052484114816,,no,figures/v9/review_response/rr9_proximity/model_coefficients_rr9.csv,offsetting by the vertex pairs actually within 80 mm rather than by all possible pairs leaves the bundle-level coefficient at zero,,,,
Win fraction vs the granularity-matched null (200 size-matched partitions),bench_matched_null,benchmark_controls_4,4,robustness,exceed the matched baseline,vertex (32k fs_LR),27298,200 contiguous size-matched seven-class partitions,"win fraction = 0.6010 (matched-null mean 0.5422, s.d. 0.0298, 98.5th percentile)",0.601,0.01990049751243781,,yes,figures/v9/review_response/rr14_comparator/rr14_summary.json,"replaces the rotated-cyto7 chance level of 0.46, which the matched null puts at its 0.5th percentile",,,,
Win fraction of the myelin septile as challenger against the area-level map,bench_myelin_septile,benchmark_controls_4,4,robustness,none (comparator),vertex (32k fs_LR),27298,none (descriptive comparator on the same disagreement set),win fraction = 0.7026,0.7026,,,n/a,figures/v9/review_response/rr14_comparator/winfraction_comparators.csv,"scored on the same 27,298 vertices as cyto7; each septile is scored largely against its own defining arbiter",,,,
Win fraction of the gradient septile as challenger against the area-level map,bench_gradient_septile,benchmark_controls_4,4,robustness,none (comparator),vertex (32k fs_LR),27298,none (descriptive comparator on the same disagreement set),win fraction = 0.7139,0.7139,,,n/a,figures/v9/review_response/rr14_comparator/winfraction_comparators.csv,"scored on the same 27,298 vertices as cyto7; each septile is scored largely against its own defining arbiter",,,,
Win fraction of the BigBrain Hist-G1 septile as challenger against the area-level map,bench_BigBrain_Hist-G1_septile,benchmark_controls_4,4,robustness,none (comparator),vertex (32k fs_LR),27298,none (descriptive comparator on the same disagreement set),win fraction = 0.5016,0.5016,,,n/a,figures/v9/review_response/rr14_comparator/winfraction_comparators.csv,"scored on the same 27,298 vertices as cyto7; each septile is scored largely against its own defining arbiter",,,,
