Category,Tract_Name,Source_Cyto,Target_Cyto,Streamline_Count,Mean_Length_mm,Mean_Tortuosity,Dir_X_LR_axis,Dir_Y_AP_axis,Dir_Z_IS_axis
association,AF_L,Eulaminate-I,Eulaminate-II,1576,139.27,2.294,0.067,0.671,0.707
association,AF_L,Eulaminate-I,Eulaminate-III,719,108.78,1.804,0.026,0.875,0.474
association,AF_L,Eulaminate-II,Eulaminate-III,629,109.0,2.277,0.15,0.872,0.34
association,AF_L,Eulaminate-II,Eulaminate-II,530,120.52,2.223,0.167,0.788,0.517
association,AF_L,Eulaminate-I,Eulaminate-I,80,139.7,1.695,0.125,0.818,0.523
association,AF_L,Eulaminate-III,Eulaminate-III,10,113.86,3.456,0.097,0.74,0.614
association,AF_R,Eulaminate-I,Eulaminate-II,85,127.48,1.693,0.114,0.911,0.368
association,AF_R,Eulaminate-I,Eulaminate-I,36,144.55,1.569,0.131,0.917,0.362
association,AF_R,Eulaminate-I,Eulaminate-III,9,136.64,1.703,0.103,0.971,0.208
association,AF_R,Eulaminate-III,Eulaminate-III,7,136.92,1.807,0.149,0.966,0.207
association,AF_R,Eulaminate-II,Eulaminate-II,7,130.27,1.941,0.212,0.957,0.191
association,AF_R,Eulaminate-II,Eulaminate-III,5,133.35,1.703,0.222,0.952,0.189
association,C_FP_L,Agranular,Eulaminate-I,478,55.71,1.139,0.123,0.98,0.153
association,C_FP_L,Dysgranular,Eulaminate-I,214,50.43,1.179,0.16,0.978,0.129
association,C_FP_L,Agranular,Dysgranular,129,51.24,1.135,0.105,0.984,0.143
association,C_FP_L,Agranular,Eulaminate-II,68,61.23,1.177,0.137,0.975,0.171
association,C_FP_L,Agranular,Eulaminate-III,41,61.47,1.188,0.116,0.975,0.185
association,C_FP_L,Dysgranular,Eulaminate-II,38,60.8,1.204,0.152,0.976,0.149
association,C_FP_L,Dysgranular,Dysgranular,31,45.59,1.16,0.122,0.985,0.119
association,C_FP_L,Dysgranular,Eulaminate-III,30,57.16,1.218,0.142,0.976,0.166
association,C_FP_L,Eulaminate-I,Eulaminate-II,9,132.96,1.202,0.024,0.998,0.056
association,C_FP_R,Agranular,Dysgranular,491,68.27,1.084,0.128,0.961,0.219
association,C_FP_R,Agranular,Eulaminate-I,118,91.58,1.119,0.067,0.985,0.122
association,C_FP_R,Agranular,Eulaminate-II,115,90.53,1.109,0.064,0.976,0.193
association,C_FP_R,Eulaminate-II,Eulaminate-II,73,149.02,1.17,0.015,0.977,0.187
association,C_FP_R,Agranular,Eulaminate-III,40,86.66,1.135,0.085,0.95,0.298
association,C_FP_R,Dysgranular,Eulaminate-II,37,122.95,1.153,0.034,0.952,0.285
association,C_FP_R,Eulaminate-I,Eulaminate-II,30,128.04,1.183,0.019,0.991,0.101
association,C_FP_R,Eulaminate-I,Eulaminate-I,10,115.1,1.145,0.032,0.981,0.181
association,C_PHP_L,Allocortex,Eulaminate-II,7,102.27,1.087,0.201,0.566,0.799
association,C_PHP_R,Allocortex,Eulaminate-II,150,105.84,1.104,0.181,0.542,0.819
association,C_PH_L,Allocortex,Agranular,53,37.78,1.008,0.337,0.615,0.709
association,C_PH_L,Allocortex,Dysgranular,36,40.39,1.015,0.324,0.601,0.728
association,C_PH_L,Agranular,Agranular,25,31.51,1.011,0.379,0.644,0.662
association,C_PH_L,Agranular,Dysgranular,15,38.69,1.014,0.357,0.63,0.689
association,C_PH_R,Allocortex,Agranular,25,30.13,1.003,0.42,0.547,0.719
association,C_PH_R,Allocortex,Allocortex,7,24.01,1.002,0.454,0.544,0.704
association,C_PH_R,Allocortex,Dysgranular,6,42.74,1.004,0.363,0.548,0.752
association,C_PO_L,Dysgranular,Dysgranular,13,72.37,1.058,0.101,0.915,0.39
association,C_PO_L,Agranular,Dysgranular,9,75.01,1.172,0.076,0.829,0.537
association,C_PO_R,Dysgranular,Dysgranular,61,111.43,1.358,0.029,0.768,0.638
association,C_PO_R,Agranular,Dysgranular,42,116.97,1.563,0.047,0.733,0.675
association,C_PO_R,Agranular,Eulaminate-I,6,128.63,1.618,0.026,0.945,0.327
association,EMC_L,Agranular,Eulaminate-III,634,101.21,1.056,0.205,0.523,0.822
association,EMC_L,Allocortex,Eulaminate-III,560,102.66,1.047,0.204,0.536,0.817
association,EMC_L,Agranular,Koniocortex,25,94.85,1.067,0.099,0.375,0.921
association,EMC_L,Allocortex,Koniocortex,18,97.04,1.066,0.094,0.376,0.922
association,EMC_R,Allocortex,Eulaminate-III,82,104.66,1.066,0.117,0.568,0.814
association,EMC_R,Dysgranular,Eulaminate-III,31,102.16,1.111,0.133,0.651,0.746
association,EMC_R,Agranular,Eulaminate-III,26,104.44,1.105,0.137,0.618,0.773
association,EMC_R,Allocortex,Eulaminate-II,25,109.68,1.072,0.133,0.621,0.771
association,EMC_R,Agranular,Eulaminate-II,18,108.45,1.097,0.155,0.645,0.746
association,EMC_R,Dysgranular,Eulaminate-II,8,111.94,1.12,0.129,0.72,0.681
association,FAT_L,Eulaminate-I,Eulaminate-II,102,66.29,1.159,0.714,0.141,0.682
association,FAT_L,Eulaminate-II,Eulaminate-II,67,83.05,1.11,0.612,0.047,0.786
association,FAT_L,Eulaminate-II,Eulaminate-III,63,78.73,1.28,0.658,0.188,0.691
association,FAT_L,Eulaminate-I,Eulaminate-III,24,66.6,1.187,0.702,0.233,0.673
association,FAT_L,Eulaminate-III,Eulaminate-III,19,83.08,1.316,0.493,0.354,0.794
association,IFOF_L,Eulaminate-II,Eulaminate-III,1313,183.28,1.2,0.048,0.994,0.051
association,IFOF_L,Eulaminate-III,Eulaminate-III,122,181.62,1.297,0.301,0.951,0.068
association,IFOF_L,Eulaminate-I,Eulaminate-III,114,163.46,1.362,0.128,0.975,0.168
association,IFOF_L,Eulaminate-II,Koniocortex,79,183.31,1.216,0.165,0.974,0.09
association,IFOF_L,Eulaminate-I,Eulaminate-II,32,164.39,1.291,0.089,0.966,0.242
association,IFOF_L,Eulaminate-I,Koniocortex,12,172.64,1.298,0.228,0.97,0.065
association,IFOF_L,Eulaminate-III,Koniocortex,7,183.4,1.314,0.311,0.95,0.035
association,IFOF_R,Eulaminate-II,Eulaminate-III,107,166.14,1.203,0.116,0.968,0.205
association,IFOF_R,Eulaminate-II,Koniocortex,58,166.77,1.169,0.175,0.979,0.067
association,IFOF_R,Eulaminate-II,Eulaminate-II,34,165.11,1.233,0.116,0.943,0.295
association,IFOF_R,Eulaminate-I,Eulaminate-III,10,154.7,1.264,0.123,0.947,0.295
association,ILF_L,Dysgranular,Eulaminate-III,851,108.79,1.129,0.394,0.892,0.194
association,ILF_L,Eulaminate-I,Eulaminate-III,459,126.42,1.122,0.384,0.889,0.236
association,ILF_L,Agranular,Eulaminate-III,425,111.38,1.202,0.33,0.885,0.312
association,ILF_L,Agranular,Koniocortex,118,111.28,1.163,0.353,0.873,0.33
association,ILF_L,Eulaminate-I,Eulaminate-II,99,89.24,1.066,0.246,0.887,0.38
association,ILF_L,Eulaminate-II,Eulaminate-III,95,125.09,1.123,0.403,0.869,0.27
association,ILF_L,Eulaminate-I,Koniocortex,95,129.01,1.132,0.401,0.89,0.213
association,ILF_L,Dysgranular,Koniocortex,93,122.58,1.111,0.376,0.893,0.228
association,ILF_L,Eulaminate-III,Eulaminate-III,61,121.71,1.087,0.419,0.845,0.326
association,ILF_L,Dysgranular,Eulaminate-II,55,105.29,1.085,0.255,0.877,0.396
association,ILF_L,Allocortex,Eulaminate-II,18,100.88,1.089,0.163,0.858,0.486
association,ILF_L,Eulaminate-II,Koniocortex,17,130.76,1.218,0.408,0.898,0.154
association,ILF_L,Eulaminate-II,Eulaminate-II,10,104.94,1.071,0.337,0.854,0.393
association,ILF_L,Agranular,Eulaminate-II,5,104.41,1.105,0.177,0.841,0.51
association,ILF_R,Dysgranular,Eulaminate-III,208,127.31,1.097,0.218,0.886,0.395
association,ILF_R,Dysgranular,Eulaminate-II,76,114.39,1.1,0.155,0.802,0.559
association,ILF_R,Agranular,Eulaminate-II,70,107.01,1.115,0.126,0.749,0.646
association,ILF_R,Dysgranular,Eulaminate-I,38,108.13,1.098,0.059,0.84,0.52
association,ILF_R,Agranular,Eulaminate-III,28,114.97,1.139,0.245,0.766,0.593
association,ILF_R,Dysgranular,Koniocortex,20,131.22,1.1,0.288,0.934,0.208
association,ILF_R,Eulaminate-I,Eulaminate-II,16,103.63,1.089,0.135,0.896,0.417
association,ILF_R,Agranular,Eulaminate-I,6,93.93,1.123,0.071,0.648,0.758
association,ILF_R,Eulaminate-I,Eulaminate-I,6,101.5,1.091,0.119,0.876,0.462
association,ILF_R,Eulaminate-I,Eulaminate-III,5,90.29,1.125,0.159,0.903,0.398
association,MdLF_L,Eulaminate-II,Eulaminate-II,17,110.36,1.099,0.372,0.662,0.651
association,MdLF_L,Eulaminate-I,Eulaminate-II,10,113.61,1.092,0.315,0.677,0.664
association,MdLF_L,Eulaminate-III,Koniocortex,10,87.08,1.143,0.421,0.451,0.786
association,MdLF_R,Eulaminate-II,Eulaminate-III,226,91.88,1.161,0.445,0.56,0.692
association,MdLF_R,Eulaminate-II,Koniocortex,8,95.13,1.165,0.341,0.583,0.737
association,PAT_L,Eulaminate-I,Eulaminate-I,196,58.64,1.464,0.151,0.209,0.956
association,PAT_L,Eulaminate-I,Eulaminate-II,143,65.99,1.403,0.136,0.113,0.973
association,PAT_L,Eulaminate-II,Eulaminate-II,24,69.24,1.451,0.157,0.168,0.969
association,PAT_L,Eulaminate-II,Eulaminate-III,7,68.71,1.402,0.146,0.252,0.955
association,PAT_R,Eulaminate-I,Eulaminate-I,332,58.49,1.346,0.158,0.16,0.967
association,PAT_R,Eulaminate-I,Eulaminate-II,126,54.52,1.571,0.223,0.215,0.938
association,PAT_R,Eulaminate-I,Eulaminate-III,50,61.6,1.502,0.176,0.171,0.963
association,PAT_R,Eulaminate-II,Eulaminate-III,37,60.45,1.833,0.178,0.135,0.97
association,PAT_R,Eulaminate-II,Eulaminate-II,26,60.85,1.903,0.222,0.175,0.956
association,PAT_R,Eulaminate-III,Eulaminate-III,10,70.77,1.583,0.114,0.048,0.992
association,SLF1_L,Eulaminate-I,Eulaminate-III,471,91.78,1.417,0.124,0.987,0.08
association,SLF1_L,Eulaminate-II,Eulaminate-III,190,80.9,1.419,0.151,0.981,0.081
association,SLF1_L,Eulaminate-I,Eulaminate-II,170,84.33,1.349,0.152,0.978,0.124
association,SLF1_L,Eulaminate-I,Eulaminate-I,137,82.78,1.342,0.13,0.98,0.114
association,SLF1_L,Eulaminate-II,Eulaminate-II,35,71.22,1.334,0.142,0.979,0.093
association,SLF1_L,Dysgranular,Eulaminate-I,32,71.65,1.234,0.211,0.944,0.25
association,SLF1_R,Dysgranular,Eulaminate-I,5,77.12,1.319,0.176,0.951,0.253
association,SLF1_R,Eulaminate-I,Eulaminate-I,5,77.83,1.345,0.204,0.943,0.261
association,SLF2_L,Eulaminate-II,Eulaminate-III,293,83.69,1.688,0.108,0.913,0.324
association,SLF2_L,Eulaminate-III,Eulaminate-III,153,78.64,1.46,0.402,0.833,0.374
association,SLF2_L,Eulaminate-II,Eulaminate-II,88,96.91,1.39,0.112,0.984,0.112
association,SLF2_L,Eulaminate-I,Eulaminate-III,32,85.61,1.566,0.234,0.758,0.599
association,SLF2_L,Eulaminate-II,Koniocortex,23,76.33,1.987,0.094,0.95,0.272
association,SLF2_L,Eulaminate-I,Eulaminate-II,6,97.46,1.328,0.091,0.995,0.03
association,SLF2_R,Eulaminate-II,Eulaminate-III,102,106.1,1.369,0.118,0.918,0.335
association,SLF2_R,Eulaminate-I,Eulaminate-II,77,137.65,1.13,0.162,0.933,0.308
association,SLF2_R,Eulaminate-II,Eulaminate-II,72,107.21,1.328,0.122,0.951,0.238
association,SLF2_R,Eulaminate-III,Eulaminate-III,69,108.17,1.422,0.156,0.88,0.433
association,SLF2_R,Eulaminate-I,Eulaminate-I,25,120.61,1.334,0.032,0.986,0.16
association,SLF3_L,Eulaminate-III,Eulaminate-III,238,57.44,1.742,0.131,0.825,0.531
association,SLF3_L,Eulaminate-II,Eulaminate-III,231,75.16,1.556,0.079,0.935,0.309
association,SLF3_L,Eulaminate-II,Eulaminate-II,24,80.64,1.451,0.03,0.931,0.36
association,SLF3_R,Eulaminate-II,Eulaminate-III,759,78.62,1.339,0.06,0.711,0.695
association,SLF3_R,Eulaminate-III,Eulaminate-III,68,55.06,1.472,0.128,0.561,0.8
association,SLF3_R,Eulaminate-II,Eulaminate-II,30,77.06,1.166,0.225,0.884,0.362
association,SLF3_R,Eulaminate-III,Koniocortex,19,46.07,1.493,0.084,0.563,0.82
association,UF_L,Agranular,Eulaminate-II,181,61.21,1.51,0.202,0.915,0.277
association,UF_L,Dysgranular,Eulaminate-I,145,85.71,4.088,0.273,0.67,0.674
association,UF_L,Dysgranular,Eulaminate-II,137,90.92,1.971,0.465,0.794,0.365
association,UF_L,Dysgranular,Dysgranular,74,78.06,6.186,0.729,0.284,0.581
association,UF_L,Agranular,Dysgranular,30,70.24,6.026,0.434,0.433,0.689
association,UF_L,Agranular,Eulaminate-I,6,83.07,3.961,0.163,0.63,0.736
association,UF_R,Agranular,Eulaminate-II,1251,85.47,1.746,0.37,0.868,0.306
association,UF_R,Dysgranular,Eulaminate-II,428,88.78,1.924,0.532,0.778,0.293
association,UF_R,Agranular,Eulaminate-I,125,75.8,1.988,0.654,0.675,0.302
association,UF_R,Dysgranular,Eulaminate-I,55,78.1,2.142,0.7,0.635,0.313
association,UF_R,Allocortex,Eulaminate-II,7,72.65,1.403,0.293,0.935,0.195
association,VOF_L,Eulaminate-II,Eulaminate-II,36,56.99,1.075,0.419,0.267,0.865
association,VOF_L,Eulaminate-II,Eulaminate-III,34,54.07,1.086,0.43,0.27,0.858
association,VOF_L,Eulaminate-III,Eulaminate-III,23,37.33,1.277,0.588,0.116,0.791
association,VOF_R,Eulaminate-II,Eulaminate-III,11,41.06,1.19,0.496,0.213,0.832
association,VOF_R,Eulaminate-III,Eulaminate-III,8,36.28,1.364,0.501,0.152,0.843
commissural,AC,Eulaminate-III,Eulaminate-III,900,275.19,10.992,0.941,0.228,0.092
commissural,AC,Dysgranular,Dysgranular,510,141.68,1.998,0.995,0.081,0.029
commissural,AC,Agranular,Dysgranular,303,137.85,2.153,0.997,0.06,0.027
commissural,AC,Eulaminate-III,Koniocortex,47,277.15,10.83,0.879,0.243,0.36
commissural,AC,Agranular,Agranular,21,134.78,2.162,0.998,0.053,0.023
commissural,AC,Eulaminate-II,Eulaminate-II,10,136.42,6.377,0.956,0.192,0.181
commissural,AC,Allocortex,Dysgranular,8,134.63,2.107,0.996,0.057,0.05
commissural,CC,Eulaminate-II,Eulaminate-II,430,107.9,4.502,0.932,0.139,0.229
commissural,CC,Eulaminate-III,Eulaminate-III,348,128.51,3.154,0.928,0.164,0.176
commissural,CC,Eulaminate-I,Eulaminate-II,264,103.53,3.044,0.8,0.436,0.189
commissural,CC,Eulaminate-II,Eulaminate-III,244,124.96,2.87,0.835,0.26,0.303
commissural,CC,Eulaminate-I,Eulaminate-I,223,107.4,3.574,0.939,0.163,0.168
commissural,CC,Eulaminate-III,Koniocortex,158,138.83,4.957,0.822,0.326,0.283
commissural,CC,Koniocortex,Koniocortex,88,152.17,6.673,0.854,0.308,0.257
commissural,CC,Dysgranular,Eulaminate-II,53,163.79,1.452,0.681,0.545,0.431
commissural,CC,Eulaminate-I,Eulaminate-III,50,142.89,1.343,0.901,0.279,0.193
commissural,CC,Dysgranular,Eulaminate-I,30,163.02,1.732,0.868,0.346,0.222
commissural,CC,Eulaminate-II,Koniocortex,30,130.19,2.642,0.666,0.253,0.64
commissural,CC,Dysgranular,Eulaminate-III,26,180.26,1.563,0.703,0.596,0.273
commissural,CC,Agranular,Eulaminate-III,17,192.08,1.948,0.505,0.766,0.345
commissural,CC,Dysgranular,Dysgranular,13,207.5,2.144,0.986,0.108,0.101
commissural,CC,Agranular,Eulaminate-II,11,185.45,1.4,0.426,0.438,0.79
commissural,CC,Agranular,Koniocortex,10,202.5,1.835,0.427,0.797,0.419
commissural,CC,Agranular,Agranular,6,228.27,3.292,0.993,0.056,0.057
commissural,CC,Eulaminate-I,Koniocortex,5,162.54,1.975,0.712,0.259,0.631
