TypeDistance,Stratum,n_records,n_streamlines,mean_LR,mean_AP,mean_IS,mean_tortuosity,std_tortuosity,mean_length_mm
0,long,33,4111,0.655448309413768,0.42033495499878376,0.22432108975918266,4.393170031622477,3.67721315882803,156.71295062028702
1,long,31,6354,0.2407965061378659,0.7423591438463958,0.3520264400377714,2.0358676424299653,1.1186122851083073,133.98611425873466
2,long,26,3003,0.2508398268398268,0.8612370962370962,0.2946563436563437,1.538985014985015,0.3573249291660946,111.73044622044623
3,long,13,2698,0.34649406968124535,0.8701679021497408,0.28781949592290584,1.418653446997776,0.3103200582254446,100.59063750926613
4,long,12,1485,0.2482094276094276,0.6837468013468013,0.6004282828282829,1.1222895622895623,0.10782607734229814,107.44171717171716
5,long,5,795,0.21664528301886793,0.5875408805031447,0.7426704402515724,1.0767182389937107,0.09473383359226809,105.15598742138366
6,long,1,18,0.094,0.376,0.922,1.066,0.0,97.04
0,short,18,1309,0.23047746371275782,0.46703055767761653,0.7124751718869367,1.721841100076394,1.108103958433418,61.88168831168831
1,short,21,2598,0.17800846805234796,0.6980188606620478,0.5166662817551962,1.3537840646651271,0.5486746273990203,67.41184757505773
2,short,8,795,0.24319748427672955,0.8304930817610062,0.2869584905660377,1.3153723270440252,0.3357518846398914,59.295094339622636
3,short,3,271,0.17777121771217713,0.9368081180811808,0.23619926199261995,1.3934797047970477,0.1539058949353591,60.37726937269373
4,short,3,56,0.15426785714285712,0.9605714285714286,0.2089642857142857,1.264732142857143,0.1314931409226119,64.73035714285714
